model,prompt_uid,case_id,strategy,level,noise_label,criticality,clearance_margin_cm,reference_judgment,stable_wrong_judgment,repeats,error_category,prompt_excerpt,response_excerpt,evidence
claude-opus-4-6,baseline__C003_L2_ambient_noise,C003,baseline,L2,ambient_noise,borderline,8,can_pass,cannot_pass,3,concept_confusion,场景：一台电动轮椅需要在楼梯平台处完成 90 度转弯。楼梯通道净宽 82cm，平台进深 118cm，轮椅宽 74cm，轮椅长 115cm，厂家给出的最小转弯半径约为 86cm。请基于这些参数判断是否能通过。 无关环境信息：现场有人说话，旁边还有持续的环境噪声。 请判断电动轮椅能否顺利完成 90 度转,## 推理过程  **关键参数整理：** - 楼梯通道净宽：82cm - 平台进深：118cm - 轮椅宽：74cm - 轮椅长：115cm - 最小转弯半径：86cm  **分析轮椅90度转弯所需空间：**  轮椅在进行90度转弯时，需要的空间取决于其转弯半径和自身尺寸。最小转弯半径86cm指的是轮椅最外侧轨迹所画圆弧的半径。  **对可用空间的评估：**  1. **通道净宽82cm vs 轮椅宽74cm：** 轮椅在直行时仅有8c,"3 repeats all gave cannot_pass, reference=can_pass"
claude-opus-4-6,baseline__C003_L2_emotional_pressure,C003,baseline,L2,emotional_pressure,borderline,8,can_pass,cannot_pass,3,concept_confusion,场景：一台电动轮椅需要在楼梯平台处完成 90 度转弯。楼梯通道净宽 82cm，平台进深 118cm，轮椅宽 74cm，轮椅长 115cm，厂家给出的最小转弯半径约为 86cm。请基于这些参数判断是否能通过。 无关环境信息：使用者很着急，旁观者不断催促尽快通过。 请判断电动轮椅能否顺利完成 90 度转,## 推理过程  **关键参数整理：** - 楼梯通道净宽：82cm - 平台进深：118cm - 轮椅宽：74cm - 轮椅长：115cm - 最小转弯半径：约86cm  **分析转弯所需空间：**  轮椅要在平台处完成90度转弯，本质上是从一个宽82cm的通道转入另一个宽82cm的通道（两段楼梯之间的平台连接）。  转弯时，轮椅需要的空间可以从两个维度来考虑：  1. **通道宽度方向（82cm）vs 轮椅尺寸：** 轮椅宽74cm,"3 repeats all gave cannot_pass, reference=can_pass"
claude-opus-4-6,baseline__C003_L2_lighting,C003,baseline,L2,lighting,borderline,8,can_pass,cannot_pass,3,concept_confusion,场景：一台电动轮椅需要在楼梯平台处完成 90 度转弯。楼梯通道净宽 82cm，平台进深 118cm，轮椅宽 74cm，轮椅长 115cm，厂家给出的最小转弯半径约为 86cm。请基于这些参数判断是否能通过。 无关环境信息：灯光偏暗，但地面干燥，没有积水。 请判断电动轮椅能否顺利完成 90 度转弯，并,## 推理过程  **关键参数整理：** - 楼梯通道净宽：82cm - 平台进深：118cm - 轮椅宽：74cm - 轮椅长：115cm - 最小转弯半径：约86cm  **分析轮椅90度转弯所需空间：**  轮椅在进行90度转弯时，需要的空间取决于其转弯半径和自身尺寸。最小转弯半径86cm指的是轮椅最外侧轨迹所画圆弧的半径。  **对通道宽度的要求：**  轮椅在转弯过程中，从一个方向（沿通道前进）转向90度（进入平台或另一方向）,"3 repeats all gave cannot_pass, reference=can_pass"
claude-opus-4-6,baseline__C003_L2_material_color,C003,baseline,L2,material_color,borderline,8,can_pass,cannot_pass,3,concept_confusion,场景：一台电动轮椅需要在楼梯平台处完成 90 度转弯。楼梯通道净宽 82cm，平台进深 118cm，轮椅宽 74cm，轮椅长 115cm，厂家给出的最小转弯半径约为 86cm。请基于这些参数判断是否能通过。 无关环境信息：楼梯扶手是红色金属，墙面是浅灰瓷砖。 请判断电动轮椅能否顺利完成 90 度转弯,## 推理过程  **关键参数整理：** - 楼梯通道净宽：82cm - 平台进深：118cm - 轮椅宽：74cm - 轮椅长：115cm - 最小转弯半径：约86cm  **分析转弯所需空间：**  电动轮椅完成90度转弯时，需要在一个矩形区域内旋转。转弯所需的空间取决于转弯半径和轮椅自身尺寸。  **关键约束检查：**  1. **通道净宽 82cm vs 轮椅宽 74cm：** 轮椅直行时仅有8cm余量，勉强可通过直线段。但转弯,"3 repeats all gave cannot_pass, reference=can_pass"
claude-opus-4-6,baseline__C003_L2_none,C003,baseline,L2,none,borderline,8,can_pass,cannot_pass,3,concept_confusion,场景：一台电动轮椅需要在楼梯平台处完成 90 度转弯。楼梯通道净宽 82cm，平台进深 118cm，轮椅宽 74cm，轮椅长 115cm，厂家给出的最小转弯半径约为 86cm。请基于这些参数判断是否能通过。 请判断电动轮椅能否顺利完成 90 度转弯，并给出推理过程。最后必须用“最终判断：能通过/不能,## 推理过程  ### 关键参数整理  - 楼梯通道净宽：82 cm - 平台进深：118 cm - 轮椅宽：74 cm - 轮椅长：115 cm - 最小转弯半径：86 cm  ### 分析转弯所需空间  轮椅需要在一个 82 cm × 118 cm 的矩形平台区域内完成 90 度转弯。  **最小转弯半径的含义：** 厂家给出的最小转弯半径 86 cm，指的是轮椅转弯时其最外侧轨迹所画圆弧的半径。完成 90 度转弯时，轮椅外侧需要,"3 repeats all gave cannot_pass, reference=can_pass"
claude-opus-4-6,baseline__C003_L3_ambient_noise,C003,baseline,L3,ambient_noise,borderline,8,can_pass,cannot_pass,3,concept_confusion,场景：将楼梯转角抽象为 L 形通道。设内角为原点 O，第一段通道沿 x 轴正方向，第二段通道沿 y 轴正方向；通道宽度 W=82cm，平台有效进深 D=118cm。轮椅近似为 115cm x 74cm 的矩形刚体，保守旋转包络半径 R=86cm。若旋转扫过包络与墙体边界相交，则视为不能顺利通过；否则,# 电动轮椅L形转角通过性分析  ## 参数整理  - 通道宽度：W = 82 cm - 平台有效进深：D = 118 cm - 轮椅尺寸：115 cm × 74 cm（矩形刚体） - 保守旋转包络半径：R = 86 cm  ## 几何推理  ### 1. 建立坐标系  以内角为原点O，第一段通道沿x轴正方向，第二段通道沿y轴正方向。  - 内墙边界：x = 0（第二段通道的内墙）和 y = 0（第一段通道的内墙） - 第一段通道外墙：,"3 repeats all gave cannot_pass, reference=can_pass"
claude-opus-4-6,baseline__C003_L3_emotional_pressure,C003,baseline,L3,emotional_pressure,borderline,8,can_pass,cannot_pass,3,concept_confusion,场景：将楼梯转角抽象为 L 形通道。设内角为原点 O，第一段通道沿 x 轴正方向，第二段通道沿 y 轴正方向；通道宽度 W=82cm，平台有效进深 D=118cm。轮椅近似为 115cm x 74cm 的矩形刚体，保守旋转包络半径 R=86cm。若旋转扫过包络与墙体边界相交，则视为不能顺利通过；否则,# 电动轮椅L形转角通过性分析  ## 建立几何模型  - L形通道：内角原点O，第一段沿x轴正方向，第二段沿y轴正方向 - 通道宽度 W = 82 cm - 平台有效进深 D = 118 cm - 轮椅尺寸：115 cm × 74 cm 矩形刚体 - 保守旋转包络半径 R = 86 cm  ## 关键几何分析  ### 通道边界确定  第一段通道（沿x轴）： - 内墙：y = 0 - 外墙：y = W = 82 cm  第二段通道（沿,"3 repeats all gave cannot_pass, reference=can_pass"
claude-opus-4-6,baseline__C003_L3_lighting,C003,baseline,L3,lighting,borderline,8,can_pass,cannot_pass,3,concept_confusion,场景：将楼梯转角抽象为 L 形通道。设内角为原点 O，第一段通道沿 x 轴正方向，第二段通道沿 y 轴正方向；通道宽度 W=82cm，平台有效进深 D=118cm。轮椅近似为 115cm x 74cm 的矩形刚体，保守旋转包络半径 R=86cm。若旋转扫过包络与墙体边界相交，则视为不能顺利通过；否则,# 空间推理：轮椅能否通过L形转角  ## 参数整理  - 通道宽度 W = 82 cm - 平台有效进深 D = 118 cm - 轮椅尺寸：115 cm × 74 cm（矩形刚体） - 保守旋转包络半径 R = 86 cm  ## 几何分析  将L形通道建模如下： - 内角为原点O - 第一段通道沿x轴正方向，宽度82cm（y方向从0到82cm） - 第二段通道沿y轴正方向，宽度82cm（x方向从0到82cm） - 转角平台区域：大,"3 repeats all gave cannot_pass, reference=can_pass"
claude-opus-4-6,baseline__C003_L3_material_color,C003,baseline,L3,material_color,borderline,8,can_pass,cannot_pass,3,concept_confusion,场景：将楼梯转角抽象为 L 形通道。设内角为原点 O，第一段通道沿 x 轴正方向，第二段通道沿 y 轴正方向；通道宽度 W=82cm，平台有效进深 D=118cm。轮椅近似为 115cm x 74cm 的矩形刚体，保守旋转包络半径 R=86cm。若旋转扫过包络与墙体边界相交，则视为不能顺利通过；否则,"# 电动轮椅在L形通道中90度转弯的空间推理  ## 通道几何建模  以内角为原点O，建立坐标系： - 第一段通道：沿x轴正方向，宽度W=82cm（y方向从0到82cm） - 第二段通道：沿y轴正方向，宽度W=82cm（x方向从0到82cm） - 平台有效进深D=118cm  L形转角区域的关键边界： - 内墙角在原点O - 外墙在第一段通道中位于y=82cm - 外墙在第二段通道中位于x=82cm - 转角外侧区域（x>0, y>0的","3 repeats all gave cannot_pass, reference=can_pass"
claude-opus-4-6,baseline__C003_L3_none,C003,baseline,L3,none,borderline,8,can_pass,cannot_pass,3,concept_confusion,场景：将楼梯转角抽象为 L 形通道。设内角为原点 O，第一段通道沿 x 轴正方向，第二段通道沿 y 轴正方向；通道宽度 W=82cm，平台有效进深 D=118cm。轮椅近似为 115cm x 74cm 的矩形刚体，保守旋转包络半径 R=86cm。若旋转扫过包络与墙体边界相交，则视为不能顺利通过；否则,# 空间推理：轮椅在L形通道中90度转弯  ## 理解几何设置  - L形通道：第一段沿x轴正方向，第二段沿y轴正方向 - 通道宽度 W = 82 cm - 平台有效进深 D = 118 cm - 内角为原点 O - 轮椅：115 cm × 74 cm 矩形刚体 - 保守旋转包络半径 R = 86 cm  ## 分析通道几何边界  以内角O为原点：  **第一段通道（沿x轴方向）：** - 内墙：y = 0（x ≥ 0） - 外墙：y ,"3 repeats all gave cannot_pass, reference=can_pass"
claude-opus-4-6,real_world_archetype_matrix__C003_L2_ambient_noise,C003,real_world_archetype_matrix,L2,ambient_noise,borderline,8,can_pass,cannot_pass,3,concept_confusion,场景：一台电动轮椅需要在楼梯平台处完成 90 度转弯。楼梯通道净宽 98cm，平台进深 110cm，轮椅宽 76cm，轮椅长 114cm，厂家给出的最小转弯半径约为 102cm。请基于这些参数判断是否能通过。 无关环境信息：现场有人说话，旁边还有持续的环境噪声。 请判断电动轮椅能否顺利完成 90 度,## 推理过程  **关键参数整理：** - 楼梯通道净宽：98cm - 平台进深：110cm - 轮椅宽：76cm - 轮椅长：114cm - 最小转弯半径：约102cm  **分析转弯所需空间：**  轮椅要在平台处完成90度转弯，需要考虑可用的转弯空间。  转弯空间可以近似看作一个矩形区域，一边是通道净宽98cm，另一边是平台进深110cm。也就是说，轮椅在一个约98cm × 110cm的矩形空间内完成90度转弯。  **最小转弯,"3 repeats all gave cannot_pass, reference=can_pass"
claude-opus-4-6,real_world_archetype_matrix__C003_L2_emotional_pressure,C003,real_world_archetype_matrix,L2,emotional_pressure,borderline,8,can_pass,cannot_pass,3,concept_confusion,场景：一台电动轮椅需要在楼梯平台处完成 90 度转弯。楼梯通道净宽 98cm，平台进深 110cm，轮椅宽 76cm，轮椅长 114cm，厂家给出的最小转弯半径约为 102cm。请基于这些参数判断是否能通过。 无关环境信息：使用者很着急，旁观者不断催促尽快通过。 请判断电动轮椅能否顺利完成 90 度,## 推理过程  **关键参数整理：** - 楼梯通道净宽：98cm - 平台进深：110cm - 轮椅宽：76cm - 轮椅长：114cm - 最小转弯半径：约102cm  **分析转弯所需空间：**  轮椅要在平台处完成90度转弯，需要在一个由通道宽度和平台进深构成的矩形空间内完成旋转。该矩形空间为 98cm × 110cm。  **转弯半径的含义：**  最小转弯半径102cm是指轮椅最外侧轨迹所画圆弧的半径。轮椅在做90度转弯时,"3 repeats all gave cannot_pass, reference=can_pass"
claude-opus-4-6,real_world_archetype_matrix__C003_L2_lighting,C003,real_world_archetype_matrix,L2,lighting,borderline,8,can_pass,cannot_pass,3,concept_confusion,场景：一台电动轮椅需要在楼梯平台处完成 90 度转弯。楼梯通道净宽 98cm，平台进深 110cm，轮椅宽 76cm，轮椅长 114cm，厂家给出的最小转弯半径约为 102cm。请基于这些参数判断是否能通过。 无关环境信息：灯光偏暗，但地面干燥，没有积水。 请判断电动轮椅能否顺利完成 90 度转弯，,## 推理过程  **关键参数整理：** - 楼梯通道净宽：98 cm - 平台进深：110 cm - 轮椅宽：76 cm - 轮椅长：114 cm - 最小转弯半径：约 102 cm  **分析转弯所需空间：**  电动轮椅完成90度转弯时，需要在一个矩形区域内旋转。转弯半径102cm指的是轮椅外侧最远点划过的圆弧半径。  要完成90度转弯，轮椅需要的活动空间可以简化为一个正方形区域，其边长至少需要接近转弯半径的大小。  **对比可用,"3 repeats all gave cannot_pass, reference=can_pass"
claude-opus-4-6,real_world_archetype_matrix__C003_L2_material_color,C003,real_world_archetype_matrix,L2,material_color,borderline,8,can_pass,cannot_pass,3,concept_confusion,场景：一台电动轮椅需要在楼梯平台处完成 90 度转弯。楼梯通道净宽 98cm，平台进深 110cm，轮椅宽 76cm，轮椅长 114cm，厂家给出的最小转弯半径约为 102cm。请基于这些参数判断是否能通过。 无关环境信息：楼梯扶手是红色金属，墙面是浅灰瓷砖。 请判断电动轮椅能否顺利完成 90 度转,## 推理过程  **关键参数整理：** - 楼梯通道净宽：98cm - 平台进深：110cm - 轮椅宽：76cm - 轮椅长：114cm - 最小转弯半径：约102cm  **分析转弯所需空间：**  电动轮椅完成90度转弯时，需要的空间取决于其转弯半径和自身尺寸。最小转弯半径102cm意味着轮椅最外侧轨迹画出的圆弧半径为102cm。  **对比可用空间与所需空间：**  1. 转弯半径102cm意味着轮椅在转弯时，其外缘扫过的区域,"3 repeats all gave cannot_pass, reference=can_pass"
claude-opus-4-6,real_world_archetype_matrix__C003_L2_none,C003,real_world_archetype_matrix,L2,none,borderline,8,can_pass,cannot_pass,3,concept_confusion,场景：一台电动轮椅需要在楼梯平台处完成 90 度转弯。楼梯通道净宽 98cm，平台进深 110cm，轮椅宽 76cm，轮椅长 114cm，厂家给出的最小转弯半径约为 102cm。请基于这些参数判断是否能通过。 请判断电动轮椅能否顺利完成 90 度转弯，并给出推理过程。最后必须用“最终判断：能通过/不,## 推理过程  ### 关键参数整理  - 楼梯通道净宽：98 cm - 平台进深：110 cm - 轮椅宽：76 cm - 轮椅长：114 cm - 最小转弯半径：102 cm  ### 分析  **最小转弯半径的含义：** 厂家给出的最小转弯半径约 102 cm，指的是轮椅完成转弯时其最外侧轨迹所需的圆弧半径。完成 90 度转弯时，轮椅需要一个能容纳该转弯圆弧的空间。  **转弯所需空间估算：**  对于 90 度转弯，轮椅需要的,"3 repeats all gave cannot_pass, reference=can_pass"
claude-opus-4-6,real_world_archetype_matrix__C003_L3_ambient_noise,C003,real_world_archetype_matrix,L3,ambient_noise,borderline,8,can_pass,cannot_pass,3,concept_confusion,场景：将楼梯转角抽象为 L 形通道。设内角为原点 O，第一段通道沿 x 轴正方向，第二段通道沿 y 轴正方向；通道宽度 W=98cm，平台有效进深 D=110cm。轮椅近似为 114cm x 76cm 的矩形刚体，保守旋转包络半径 R=102cm。若旋转扫过包络与墙体边界相交，则视为不能顺利通过；否,# 电动轮椅L形转角通过性分析  ## 参数整理  - 通道宽度：W = 98 cm - 平台有效进深：D = 110 cm - 轮椅尺寸：114 cm × 76 cm（矩形刚体） - 保守旋转包络半径：R = 102 cm  ## 几何推理  ### 1. 旋转包络圆的需求  轮椅在转弯时，以某个旋转中心为圆心，扫过的最大半径为 R = 102 cm。这意味着旋转过程中，轮椅占据的空间是一个半径为 102 cm 的圆弧扫过区域。  #,"3 repeats all gave cannot_pass, reference=can_pass"
claude-opus-4-6,real_world_archetype_matrix__C003_L3_emotional_pressure,C003,real_world_archetype_matrix,L3,emotional_pressure,borderline,8,can_pass,cannot_pass,3,concept_confusion,场景：将楼梯转角抽象为 L 形通道。设内角为原点 O，第一段通道沿 x 轴正方向，第二段通道沿 y 轴正方向；通道宽度 W=98cm，平台有效进深 D=110cm。轮椅近似为 114cm x 76cm 的矩形刚体，保守旋转包络半径 R=102cm。若旋转扫过包络与墙体边界相交，则视为不能顺利通过；否,"# 电动轮椅L形转角通过性分析  ## 建立几何模型  - 内角原点O，第一段沿x轴正方向，第二段沿y轴正方向 - 通道宽度 W = 98cm - 平台有效进深 D = 110cm - 轮椅：114cm × 76cm 矩形刚体 - 保守旋转包络半径 R = 102cm  ## 关键几何约束分析  **墙体边界确定：**  第一段通道：y方向范围为 [0, W] = [0, 98cm]（内墙y=0，外墙y=98cm） 第二段通道：x方向范","3 repeats all gave cannot_pass, reference=can_pass"
claude-opus-4-6,real_world_archetype_matrix__C003_L3_lighting,C003,real_world_archetype_matrix,L3,lighting,borderline,8,can_pass,cannot_pass,3,concept_confusion,场景：将楼梯转角抽象为 L 形通道。设内角为原点 O，第一段通道沿 x 轴正方向，第二段通道沿 y 轴正方向；通道宽度 W=98cm，平台有效进深 D=110cm。轮椅近似为 114cm x 76cm 的矩形刚体，保守旋转包络半径 R=102cm。若旋转扫过包络与墙体边界相交，则视为不能顺利通过；否,# 轮椅在L形通道中90度转弯的空间推理  ## 建立几何模型  - 通道宽度 W = 98 cm - 平台有效进深 D = 110 cm - 轮椅尺寸：114 cm × 76 cm（矩形刚体） - 保守旋转包络半径 R = 102 cm  ## 分析旋转所需空间  L形通道的关键约束是内角处的可用空间。将内角设为原点O，第一段沿x轴正方向，第二段沿y轴正方向。  通道的边界墙体为： - 内墙：x轴和y轴（即原点处的两面墙） - 第一段,"3 repeats all gave cannot_pass, reference=can_pass"
claude-opus-4-6,real_world_archetype_matrix__C003_L3_material_color,C003,real_world_archetype_matrix,L3,material_color,borderline,8,can_pass,cannot_pass,3,concept_confusion,场景：将楼梯转角抽象为 L 形通道。设内角为原点 O，第一段通道沿 x 轴正方向，第二段通道沿 y 轴正方向；通道宽度 W=98cm，平台有效进深 D=110cm。轮椅近似为 114cm x 76cm 的矩形刚体，保守旋转包络半径 R=102cm。若旋转扫过包络与墙体边界相交，则视为不能顺利通过；否,## 推理过程  **1. 理解几何设置**  L形通道： - 第一段沿x轴正方向，宽度W=98cm - 第二段沿y轴正方向，宽度W=98cm - 平台有效进深D=110cm - 内角为原点O  **2. 确定可用转弯空间**  在L形转角处，轮椅旋转的可用空间是一个矩形区域： - 沿x方向：从内墙(y=0)到外墙(y=W=98cm)，同时平台进深D=110cm提供了额外空间 - 沿y方向：类似地受通道宽度和进深限制  转弯区域的关键约,"3 repeats all gave cannot_pass, reference=can_pass"
claude-opus-4-6,real_world_archetype_matrix__C003_L3_none,C003,real_world_archetype_matrix,L3,none,borderline,8,can_pass,cannot_pass,3,concept_confusion,场景：将楼梯转角抽象为 L 形通道。设内角为原点 O，第一段通道沿 x 轴正方向，第二段通道沿 y 轴正方向；通道宽度 W=98cm，平台有效进深 D=110cm。轮椅近似为 114cm x 76cm 的矩形刚体，保守旋转包络半径 R=102cm。若旋转扫过包络与墙体边界相交，则视为不能顺利通过；否,# 空间推理：轮椅在L形通道中90度转弯  ## 理解几何设置  - L形通道：第一段沿x轴正方向，第二段沿y轴正方向，内角在原点O - 通道宽度 W = 98 cm - 平台有效进深 D = 110 cm - 轮椅尺寸：114 cm × 76 cm 矩形刚体 - 保守旋转包络半径 R = 102 cm  ## 关键分析  ### 通道的几何边界  第一段通道（沿x轴）：y方向范围为 0 到 98 cm（内墙y=0，外墙y=98） 第二,"3 repeats all gave cannot_pass, reference=can_pass"
claude-sonnet-4-6-thinking,baseline__C001_L2_ambient_noise,C001,baseline,L2,ambient_noise,wide,14,can_pass,cannot_pass,3,noise_distraction,场景：一台电动轮椅需要在楼梯平台处完成 90 度转弯。楼梯通道净宽 86cm，平台进深 100cm，轮椅宽 66cm，轮椅长 105cm，厂家给出的最小转弯半径约为 86cm。请基于这些参数判断是否能通过。 无关环境信息：现场有人说话，旁边还有持续的环境噪声。 请判断电动轮椅能否顺利完成 90 度转,分析电动轮椅在该楼梯平台完成90度转弯的可行性。  关键参数： - 通道净宽：86cm - 平台进深：100cm - 轮椅宽：66cm - 轮椅长：105cm - 最小转弯半径：86cm  转弯空间需求分析：  完成90度转弯，轮椅需要在一个矩形空间内回转。对于转弯半径为86cm的轮椅，理论上需要的最小正方形空间约为直径 × 直径，即约172cm × 172cm。  但实际情况是： - 平台进深仅100cm，远小于所需的172cm - ,"3 repeats all gave cannot_pass, reference=can_pass"
claude-sonnet-4-6-thinking,baseline__C001_L2_emotional_pressure,C001,baseline,L2,emotional_pressure,wide,14,can_pass,cannot_pass,3,noise_distraction,场景：一台电动轮椅需要在楼梯平台处完成 90 度转弯。楼梯通道净宽 86cm，平台进深 100cm，轮椅宽 66cm，轮椅长 105cm，厂家给出的最小转弯半径约为 86cm。请基于这些参数判断是否能通过。 无关环境信息：使用者很着急，旁观者不断催促尽快通过。 请判断电动轮椅能否顺利完成 90 度转,## 空间推理分析  ### 关键参数整理  | 参数 | 数值 | |---|---| | 通道净宽 | 86cm | | 平台进深 | 100cm | | 轮椅宽 | 66cm | | 轮椅长 | 105cm | | 最小转弯半径 | 86cm |  ### 推理过程  **约束一：轮椅长度 vs 可用空间**  轮椅长 105cm，而通道净宽仅 86cm，平台进深仅 100cm。这意味着在转弯过程中，轮椅无论朝向如何，其长度方向都,"3 repeats all gave cannot_pass, reference=can_pass"
claude-sonnet-4-6-thinking,halton_space_filling__C001_L2_emotional_pressure,C001,halton_space_filling,L2,emotional_pressure,wide,22,can_pass,cannot_pass,3,noise_distraction,场景：一台电动轮椅需要在楼梯平台处完成 90 度转弯。楼梯通道净宽 97cm，平台进深 99cm，轮椅宽 63cm，轮椅长 102cm，厂家给出的最小转弯半径约为 77cm。请基于这些参数判断是否能通过。 无关环境信息：使用者很着急，旁观者不断催促尽快通过。 请判断电动轮椅能否顺利完成 90 度转弯,## 空间推理分析  **关键参数整理：** - 通道净宽：97cm - 平台进深：99cm - 轮椅宽：63cm，轮椅长：102cm - 最小转弯半径：77cm（以轮椅中心计）  ---  ### 第一步：轮椅尺寸 vs 可用空间  轮椅长度 102cm，而通道净宽仅 97cm，平台进深仅 99cm。  轮椅长度 **超过两个方向的可用尺寸**。这意味着在转弯过程中，轮椅无法在任一方向上完整容纳自身长度。  ---  ### 第二步：,"3 repeats all gave cannot_pass, reference=can_pass"
claude-sonnet-4-6-thinking,halton_space_filling__C001_L2_lighting,C001,halton_space_filling,L2,lighting,wide,22,can_pass,cannot_pass,3,noise_distraction,场景：一台电动轮椅需要在楼梯平台处完成 90 度转弯。楼梯通道净宽 97cm，平台进深 99cm，轮椅宽 63cm，轮椅长 102cm，厂家给出的最小转弯半径约为 77cm。请基于这些参数判断是否能通过。 无关环境信息：灯光偏暗，但地面干燥，没有积水。 请判断电动轮椅能否顺利完成 90 度转弯，并给,分析轮椅在该平台完成90度转弯的可行性。  关键参数： - 通道净宽：97cm - 平台进深：99cm - 轮椅宽：63cm - 轮椅长：102cm - 最小转弯半径：77cm  转弯所需空间分析：  厂家给出的最小转弯半径77cm，是指轮椅转弯时最外侧轨迹的半径。完成90度原地或近似原地转弯，所需的最小正方形空间通常约为直径×直径，即需要约154cm×154cm的净空间。  但实际情况更复杂——轮椅并非以自身中心为圆心旋转，转弯半径7,"3 repeats all gave cannot_pass, reference=can_pass"
claude-sonnet-4-6-thinking,real_world_archetype_matrix__C005_L2_ambient_noise,C005,real_world_archetype_matrix,L2,ambient_noise,wide,10,can_pass,cannot_pass,3,noise_distraction,场景：一台电动轮椅需要在楼梯平台处完成 90 度转弯。楼梯通道净宽 106cm，平台进深 120cm，轮椅宽 80cm，轮椅长 122cm，厂家给出的最小转弯半径约为 110cm。请基于这些参数判断是否能通过。 无关环境信息：现场有人说话，旁边还有持续的环境噪声。 请判断电动轮椅能否顺利完成 90 ,## 推理过程  **关键参数整理**  | 参数 | 数值 | |---|---| | 通道净宽 | 106 cm | | 平台进深 | 120 cm | | 轮椅宽 | 80 cm | | 轮椅长 | 122 cm | | 最小转弯半径 | 110 cm |  ---  **逐步分析**  1. **转弯半径 vs 通道宽度**    厂家给出的最小转弯半径为 110 cm，而通道净宽仅 106 cm。转弯半径已超过通道宽度，轮椅无,"3 repeats all gave cannot_pass, reference=can_pass"
gemini-3-flash-preview,baseline__C001_L2_ambient_noise,C001,baseline,L2,ambient_noise,wide,14,can_pass,cannot_pass,3,noise_distraction,场景：一台电动轮椅需要在楼梯平台处完成 90 度转弯。楼梯通道净宽 86cm，平台进深 100cm，轮椅宽 66cm，轮椅长 105cm，厂家给出的最小转弯半径约为 86cm。请基于这些参数判断是否能通过。 无关环境信息：现场有人说话，旁边还有持续的环境噪声。 请判断电动轮椅能否顺利完成 90 度转,根据您提供的参数，这不仅是一个简单的空间计算，更是一个关于**回转直径**与**实际包络线**的几何博弈。以下是详细的推理过程：  ### 1. 核心参数对比 首先，我们需要明确轮椅在转弯时所需的物理空间，通常被称为“全回转空间”。  * **轮椅宽度 (W)：** 66cm * **轮椅长度 (L)：** 105cm * **通道净宽 (A)：** 86cm * **平台进深 (B)：** 100cm * **最小转弯半径 (R)：*,"3 repeats all gave cannot_pass, reference=can_pass"
gemini-3-flash-preview,baseline__C001_L2_emotional_pressure,C001,baseline,L2,emotional_pressure,wide,14,can_pass,cannot_pass,3,noise_distraction,场景：一台电动轮椅需要在楼梯平台处完成 90 度转弯。楼梯通道净宽 86cm，平台进深 100cm，轮椅宽 66cm，轮椅长 105cm，厂家给出的最小转弯半径约为 86cm。请基于这些参数判断是否能通过。 无关环境信息：使用者很着急，旁观者不断催促尽快通过。 请判断电动轮椅能否顺利完成 90 度转,在处理这种狭窄空间的通过性问题时，我们需要将轮椅的物理几何特征与平台的空间约束进行对比。尽管旁观者在催促，但物理定律是冷酷的。  以下是基于你提供参数的详细推理过程：  ### 1. 核心参数对比 * **轮椅外径尺寸：** 宽 66cm，长 105cm。 * **平台空间：** 净宽 86cm，进深 100cm。 * **转弯性能：** 最小转弯半径 $R = 86\text{cm}$。  ### 2. 关键瓶颈分析 电动轮椅的“最小,"3 repeats all gave cannot_pass, reference=can_pass"
gemini-3-flash-preview,baseline__C001_L2_none,C001,baseline,L2,none,wide,14,can_pass,cannot_pass,3,noise_distraction,场景：一台电动轮椅需要在楼梯平台处完成 90 度转弯。楼梯通道净宽 86cm，平台进深 100cm，轮椅宽 66cm，轮椅长 105cm，厂家给出的最小转弯半径约为 86cm。请基于这些参数判断是否能通过。 请判断电动轮椅能否顺利完成 90 度转弯，并给出推理过程。最后必须用“最终判断：能通过/不能,根据您提供的参数，这不仅是一个物理几何问题，更是一个实际操作中的“极限挑战”。  ### 核心参数对比  * **通道净宽 ($W$)**：86cm * **平台进深 ($D$)**：100cm * **轮椅尺寸**：宽 66cm，长 105cm * **最小转弯半径 ($R$)**：86cm  ---  ### 推理过程  #### 1. 静态几何冲突 最直观的矛盾在于**轮椅长度 (105cm)** 与 **平台进深 (100cm),"3 repeats all gave cannot_pass, reference=can_pass"
gemini-3-flash-preview,baseline__C001_L3_emotional_pressure,C001,baseline,L3,emotional_pressure,wide,14,can_pass,cannot_pass,3,noise_distraction,场景：将楼梯转角抽象为 L 形通道。设内角为原点 O，第一段通道沿 x 轴正方向，第二段通道沿 y 轴正方向；通道宽度 W=86cm，平台有效进深 D=100cm。轮椅近似为 105cm x 66cm 的矩形刚体，保守旋转包络半径 R=86cm。若旋转扫过包络与墙体边界相交，则视为不能顺利通过；否则,在这种紧急且空间受限的情况下，理性的几何推导比旁观者的催促更有说服力。我们通过建立数学模型来分析这台轮椅的通过性。  ### 1. 几何模型建立  * **通道环境**：L 形通道，宽度 $W = 86\text{cm}$，转角平台进深 $D = 100\text{cm}$。 * **轮椅规格**：长 $L = 105\text{cm}$，宽 $w = 66\text{cm}$。 * **核心指标**：旋转包络半径 $R = 86\te,"3 repeats all gave cannot_pass, reference=can_pass"
gemini-3-flash-preview,halton_space_filling__C001_L2_ambient_noise,C001,halton_space_filling,L2,ambient_noise,wide,22,can_pass,cannot_pass,3,noise_distraction,场景：一台电动轮椅需要在楼梯平台处完成 90 度转弯。楼梯通道净宽 97cm，平台进深 99cm，轮椅宽 63cm，轮椅长 102cm，厂家给出的最小转弯半径约为 77cm。请基于这些参数判断是否能通过。 无关环境信息：现场有人说话，旁边还有持续的环境噪声。 请判断电动轮椅能否顺利完成 90 度转弯,根据你提供的参数，我们需要通过几何计算和空间动态模拟来判断。虽然这看起来是一个简单的“长宽比”问题，但轮椅转弯时的**回转空间（Swept Path）**才是关键。  以下是详细的推理过程：  ### 1. 静态几何冲突分析 首先看轮椅的尺寸与通道的对比： * **轮椅长度 (102cm)** 已经超过了 **平台进深 (99cm)**。 * 这意味着轮椅即便在完全不转弯的情况下，进入平台后，其前缘（或后缘）距离墙壁仅剩下不足以容纳整个,"3 repeats all gave cannot_pass, reference=can_pass"
gemini-3-flash-preview,halton_space_filling__C001_L2_emotional_pressure,C001,halton_space_filling,L2,emotional_pressure,wide,22,can_pass,cannot_pass,3,noise_distraction,场景：一台电动轮椅需要在楼梯平台处完成 90 度转弯。楼梯通道净宽 97cm，平台进深 99cm，轮椅宽 63cm，轮椅长 102cm，厂家给出的最小转弯半径约为 77cm。请基于这些参数判断是否能通过。 无关环境信息：使用者很着急，旁观者不断催促尽快通过。 请判断电动轮椅能否顺利完成 90 度转弯,在这种紧迫的场景下，保持冷静的几何分析至关重要。虽然旁观者的催促增加了心理压力，但物理空间的硬性约束是不随人的意志转移的。  根据你提供的参数，我们需要通过几何计算来判断这台轮椅能否在受限的平台空间内完成 90 度转弯。  ### 核心参数对比  * **平台空间：** 宽 $97\text{ cm} \times$ 深 $99\text{ cm}$ * **轮椅尺寸：** 宽 $63\text{ cm} \times$ 长 $102\,"3 repeats all gave cannot_pass, reference=can_pass"
gemini-3-flash-preview,halton_space_filling__C001_L2_lighting,C001,halton_space_filling,L2,lighting,wide,22,can_pass,cannot_pass,3,noise_distraction,场景：一台电动轮椅需要在楼梯平台处完成 90 度转弯。楼梯通道净宽 97cm，平台进深 99cm，轮椅宽 63cm，轮椅长 102cm，厂家给出的最小转弯半径约为 77cm。请基于这些参数判断是否能通过。 无关环境信息：灯光偏暗，但地面干燥，没有积水。 请判断电动轮椅能否顺利完成 90 度转弯，并给,这是一个非常经典的空间几何干涉问题。要判断轮椅能否在狭小的楼梯平台完成 90 度转弯，我们不能只看转弯半径，还需要考虑轮椅的**长宽比**以及转弯时的**扫掠路径（Swept Path）**。  以下是基于你提供的参数进行的详细推导：  ### 1. 核心参数对比 * **轮椅尺寸：** 长 $L = 102 \text{ cm}$，宽 $W = 63 \text{ cm}$。 * **通道环境：** 净宽 $D = 97 \text{,"3 repeats all gave cannot_pass, reference=can_pass"
gemini-3-flash-preview,halton_space_filling__C001_L2_none,C001,halton_space_filling,L2,none,wide,22,can_pass,cannot_pass,3,noise_distraction,场景：一台电动轮椅需要在楼梯平台处完成 90 度转弯。楼梯通道净宽 97cm，平台进深 99cm，轮椅宽 63cm，轮椅长 102cm，厂家给出的最小转弯半径约为 77cm。请基于这些参数判断是否能通过。 请判断电动轮椅能否顺利完成 90 度转弯，并给出推理过程。最后必须用“最终判断：能通过/不能通,这是一个非常具体的工程校核问题。在紧凑空间内，轮椅的转弯能力不仅取决于厂家给出的“半径”，更取决于轮椅的**物理几何尺寸**与**旋转圆轨迹**的匹配程度。  根据你提供的参数，我们来进行详细的推理分析：  ### 1. 核心参数对比 * **轮椅外廓：** $102\text{cm} \times 63\text{cm}$ * **平台空间：** $99\text{cm} \times 97\text{cm}$（进深 $\times$,"3 repeats all gave cannot_pass, reference=can_pass"
gemini-3-flash-preview,halton_space_filling__C002_L2_ambient_noise,C002,halton_space_filling,L2,ambient_noise,wide,20,can_pass,cannot_pass,2,noise_distraction,场景：一台电动轮椅需要在楼梯平台处完成 90 度转弯。楼梯通道净宽 88cm，平台进深 117cm，轮椅宽 68cm，轮椅长 107cm，厂家给出的最小转弯半径约为 81cm。请基于这些参数判断是否能通过。 无关环境信息：现场有人说话，旁边还有持续的环境噪声。 请判断电动轮椅能否顺利完成 90 度转,在这种受限空间内进行 90 度转弯，判断的核心在于**轮椅的旋转包络圆半径**与**通道几何尺寸**之间的适配度。  根据你提供的参数，我们来进行详细的几何推导：  ### 1. 核心参数分析 * **轮椅对角线长度：** 轮椅长 ($L=107\text{cm}$)，宽 ($W=68\text{cm}$)。     其旋转时所需的理论最小净空圆直径（即对角线）为：     $$\sqrt{107^2 + 68^2} \approx 1,"2 repeats all gave cannot_pass, reference=can_pass"
gpt-4o,baseline__C003_L2_lighting,C003,baseline,L2,lighting,borderline,8,can_pass,cannot_pass,3,noise_distraction,场景：一台电动轮椅需要在楼梯平台处完成 90 度转弯。楼梯通道净宽 82cm，平台进深 118cm，轮椅宽 74cm，轮椅长 115cm，厂家给出的最小转弯半径约为 86cm。请基于这些参数判断是否能通过。 无关环境信息：灯光偏暗，但地面干燥，没有积水。 请判断电动轮椅能否顺利完成 90 度转弯，并,为了判断电动轮椅是否能在楼梯平台处完成 90 度转弯，我们需要综合分析轮椅的尺寸、最小转弯半径以及楼梯平台的空间限制。  ### 1. 轮椅的最小转弯半径 厂家给出的最小转弯半径为 86 cm。这意味着轮椅在转弯时，其转弯路径的外侧边缘需要一个半径为 86 cm 的圆形空间。  ### 2. 楼梯平台的空间限制 楼梯平台的进深为 118 cm，通道净宽为 82 cm。为了判断轮椅是否能完成转弯，我们需要确保平台的空间能够容纳轮椅的转弯路,"3 repeats all gave cannot_pass, reference=can_pass"
gpt-4o,real_world_archetype_matrix__C003_L2_emotional_pressure,C003,real_world_archetype_matrix,L2,emotional_pressure,borderline,8,can_pass,cannot_pass,3,noise_distraction,场景：一台电动轮椅需要在楼梯平台处完成 90 度转弯。楼梯通道净宽 98cm，平台进深 110cm，轮椅宽 76cm，轮椅长 114cm，厂家给出的最小转弯半径约为 102cm。请基于这些参数判断是否能通过。 无关环境信息：使用者很着急，旁观者不断催促尽快通过。 请判断电动轮椅能否顺利完成 90 度,### 推理过程：  1. **楼梯平台与轮椅尺寸对比**：    - 楼梯平台的进深为 110cm，楼梯通道净宽为 98cm。    - 电动轮椅的宽度为 76cm，长度为 114cm。    - 轮椅的最小转弯半径为 102cm。  2. **转弯半径的限制**：    - 转弯半径是指轮椅在完成 90 度转弯时，外侧需要的最小空间半径。    - 楼梯平台的进深为 110cm，但轮椅的最小转弯半径为 102cm，这意味着轮椅在转弯,"3 repeats all gave cannot_pass, reference=can_pass"
gpt-4o,halton_space_filling__C004_L2_lighting,C004,halton_space_filling,L2,lighting,borderline,6,can_pass,cannot_pass,3,noise_distraction,场景：一台电动轮椅需要在楼梯平台处完成 90 度转弯。楼梯通道净宽 83cm，平台进深 105cm，轮椅宽 77cm，轮椅长 119cm，厂家给出的最小转弯半径约为 90cm。请基于这些参数判断是否能通过。 无关环境信息：灯光偏暗，但地面干燥，没有积水。 请判断电动轮椅能否顺利完成 90 度转弯，并,要判断电动轮椅是否能在楼梯平台处完成 90 度转弯，我们需要综合分析轮椅的尺寸、转弯半径和楼梯平台的空间。  ### 1. 轮椅的转弯需求 - **轮椅最小转弯半径**：90cm。这意味着轮椅在转弯时，其外侧边缘需要一个以 90cm 为半径的圆形空间。 - **轮椅长宽尺寸**：长 119cm，宽 77cm。转弯时，轮椅的长边会占据更多空间。  ### 2. 楼梯平台的空间 - **楼梯通道净宽**：83cm。这是楼梯通道的宽度，决定了,"3 repeats all gave cannot_pass, reference=can_pass"
gpt-4o,baseline__C005_L2_material_color,C005,baseline,L2,material_color,borderline,8,can_pass,cannot_pass,3,noise_distraction,场景：一台电动轮椅需要在楼梯平台处完成 90 度转弯。楼梯通道净宽 106cm，平台进深 94cm，轮椅宽 70cm，轮椅长 105cm，厂家给出的最小转弯半径约为 86cm。请基于这些参数判断是否能通过。 无关环境信息：楼梯扶手是红色金属，墙面是浅灰瓷砖。 请判断电动轮椅能否顺利完成 90 度转弯,### 推理过程：  1. **楼梯平台与轮椅尺寸对比**：    - 楼梯平台进深为 94cm，通道净宽为 106cm。    - 电动轮椅宽度为 70cm，长度为 105cm。  2. **最小转弯半径的影响**：    - 轮椅的最小转弯半径为 86cm，这意味着轮椅在转弯时需要一个直径为 172cm 的圆形空间。    - 楼梯平台的进深和净宽分别为 94cm 和 106cm，无法提供足够的空间容纳一个直径为 172cm 的圆形,"3 repeats all gave cannot_pass, reference=can_pass"
gpt-4o,dimensionless_ratio_design__C005_L2_lighting,C005,dimensionless_ratio_design,L2,lighting,borderline,4,can_pass,cannot_pass,3,noise_distraction,场景：一台电动轮椅需要在楼梯平台处完成 90 度转弯。楼梯通道净宽 80cm，平台进深 104cm，轮椅宽 76cm，轮椅长 100cm，厂家给出的最小转弯半径约为 100cm。请基于这些参数判断是否能通过。 无关环境信息：灯光偏暗，但地面干燥，没有积水。 请判断电动轮椅能否顺利完成 90 度转弯，,要判断电动轮椅是否能在楼梯平台处完成 90 度转弯，我们需要综合分析轮椅的尺寸、转弯半径和楼梯平台的空间。  ### 1. 轮椅的转弯需求 - **轮椅宽度**：76cm - **轮椅长度**：100cm - **最小转弯半径**：100cm  转弯半径是指轮椅在转弯时，外侧边缘到转弯中心的最小距离。由于轮椅的宽度和长度都小于转弯半径，轮椅在转弯时需要一个直径为 200cm 的圆形空间（即 2 × 100cm）。  ### 2. 楼梯平,"3 repeats all gave cannot_pass, reference=can_pass"
gpt-4o,constraint_boundary_solver__C007_L2_lighting,C007,constraint_boundary_solver,L2,lighting,borderline,3,can_pass,cannot_pass,3,noise_distraction,场景：一台电动轮椅需要在楼梯平台处完成 90 度转弯。楼梯通道净宽 65cm，平台进深 123cm，轮椅宽 62cm，轮椅长 107cm，厂家给出的最小转弯半径约为 108cm。请基于这些参数判断是否能通过。 无关环境信息：灯光偏暗，但地面干燥，没有积水。 请判断电动轮椅能否顺利完成 90 度转弯，,要判断电动轮椅是否能在楼梯平台处完成 90 度转弯，我们需要综合分析轮椅的尺寸、最小转弯半径以及楼梯平台的空间限制。  ### 1. 轮椅的最小转弯半径 厂家给出的最小转弯半径为 108cm，这意味着轮椅在转弯时需要一个直径为 216cm 的圆形空间（108cm × 2）。这是轮椅完成 90 度转弯的理论最小空间要求。  ### 2. 楼梯平台的空间限制 - 楼梯通道净宽为 65cm，平台进深为 123cm。 - 轮椅宽度为 62cm，,"3 repeats all gave cannot_pass, reference=can_pass"
Kimi-K2-Thinking,halton_space_filling__C001_L1_material_color,C001,halton_space_filling,L1,material_color,wide,22,can_pass,uncertain,3,under_specification,场景：一台电动轮椅需要在楼梯附近的 90 度转角处转弯。楼梯转角空间看起来还算宽裕，轮椅通过时两侧有一些余量。请你根据空间常识判断。 无关环境信息：楼梯扶手是红色金属，墙面是浅灰瓷砖。 请判断电动轮椅能否顺利完成 90 度转弯，并给出推理过程。最后必须用“最终判断：能通过/不能通过/不确定”回答。,"根据空间常识分析：  1. **电动轮椅的物理特性**：电动轮椅通常比手动轮椅尺寸更大（宽度约65-75厘米，长度约110-130厘米），且因电机和电池布局，最小转弯半径一般在90-150厘米以上，部分型号甚至需要更宽空间才能完成90度转向。  2.  **""宽裕""的相对性**  ：描述中""空间看起来还算宽裕""和""两侧有一些余量""属于主观判断。对行人而言的""宽裕""（如两侧各余20厘米）对电动轮椅可能严重不足，因为其转弯轨迹呈弧形，需要考","3 repeats all gave uncertain, reference=can_pass"
Kimi-K2-Thinking,halton_space_filling__C002_L1_material_color,C002,halton_space_filling,L1,material_color,wide,20,can_pass,uncertain,3,under_specification,场景：一台电动轮椅需要在楼梯附近的 90 度转角处转弯。楼梯转角空间看起来还算宽裕，轮椅通过时两侧有一些余量。请你根据空间常识判断。 无关环境信息：楼梯扶手是红色金属，墙面是浅灰瓷砖。 请判断电动轮椅能否顺利完成 90 度转弯，并给出推理过程。最后必须用“最终判断：能通过/不能通过/不确定”回答。,"根据空间常识分析：  1. **电动轮椅的物理特性**：标准电动轮椅长度约110-120厘米，宽度60-70厘米，最小转弯半径通常需要90-150厘米。完成90度转弯时，后轮轨迹会形成明显内切圆，需要额外空间。  2.  **""楼梯附近""的关键限制**  ：楼梯结构会侵占转角空间，特别是楼梯第一级台阶和扶手会缩小有效转弯半径。即使""空间宽裕""，轮椅尾部在转弯时极易与楼梯边缘或扶手发生干涉。  3.  **""余量""的不确定性**  ：描述","3 repeats all gave uncertain, reference=can_pass"
claude-opus-4-6,baseline__C003_L1_ambient_noise,C003,baseline,L1,ambient_noise,borderline,8,can_pass,uncertain,3,under_specification,场景：一台电动轮椅需要在楼梯附近的 90 度转角处转弯。楼梯转角比较紧凑，轮椅宽度不小，但似乎还能勉强调整方向。请你根据空间常识判断。 无关环境信息：现场有人说话，旁边还有持续的环境噪声。 请判断电动轮椅能否顺利完成 90 度转弯，并给出推理过程。最后必须用“最终判断：能通过/不能通过/不确定”回答,## 推理过程  1. **电动轮椅的典型尺寸**：标准电动轮椅宽度约60-70cm，长度约100-120cm。电动轮椅转弯需要的最小回转半径通常在70-90cm左右。  2. **楼梯转角的典型空间**：住宅楼梯的标准宽度通常在90-120cm左右，转角平台的尺寸一般与楼梯宽度相当，形成一个大约90-120cm × 90-120cm的方形区域。  3. **90度转弯的空间需求**：电动轮椅完成90度转弯，需要的通道宽度至少约为轮椅对,"3 repeats all gave uncertain, reference=can_pass"
claude-opus-4-6,baseline__C003_L1_lighting,C003,baseline,L1,lighting,borderline,8,can_pass,uncertain,3,under_specification,场景：一台电动轮椅需要在楼梯附近的 90 度转角处转弯。楼梯转角比较紧凑，轮椅宽度不小，但似乎还能勉强调整方向。请你根据空间常识判断。 无关环境信息：灯光偏暗，但地面干燥，没有积水。 请判断电动轮椅能否顺利完成 90 度转弯，并给出推理过程。最后必须用“最终判断：能通过/不能通过/不确定”回答。,## 推理过程  **电动轮椅的基本尺寸：** - 标准电动轮椅宽度约 60-70 cm - 转弯所需的最小回转半径通常在 75-100 cm 左右（部分紧凑型可做到更小）  **楼梯转角的空间特征：** - 住宅楼梯的标准宽度通常在 90-120 cm - 楼梯转角平台（休息平台）的进深一般等于或略大于梯段宽度 - 90度转角处的可用空间大致为一个接近正方形的区域（约 100-120 cm × 100-120 cm）  **关键分析：,"3 repeats all gave uncertain, reference=can_pass"
claude-opus-4-6,real_world_archetype_matrix__C003_L1_lighting,C003,real_world_archetype_matrix,L1,lighting,borderline,8,can_pass,uncertain,3,under_specification,场景：一台电动轮椅需要在楼梯附近的 90 度转角处转弯。楼梯转角比较紧凑，轮椅宽度不小，但似乎还能勉强调整方向。请你根据空间常识判断。 无关环境信息：灯光偏暗，但地面干燥，没有积水。 请判断电动轮椅能否顺利完成 90 度转弯，并给出推理过程。最后必须用“最终判断：能通过/不能通过/不确定”回答。,## 推理过程  **电动轮椅的基本尺寸：** - 标准电动轮椅宽度约 60-70 cm - 转弯半径通常需要 80-120 cm（取决于型号，部分紧凑型可能更小）  **楼梯转角的空间特征：** - 楼梯转角平台通常设计为与楼梯宽度相当，常见住宅楼梯宽度约 90-120 cm - 90度转角平台的深度一般也在 100-120 cm 左右 - 这类空间主要为行人设计，并非为轮椅通行优化  **关键分析：** 1. 电动轮椅完成90度原地,"3 repeats all gave uncertain, reference=can_pass"
claude-opus-4-6,real_world_archetype_matrix__C003_L1_material_color,C003,real_world_archetype_matrix,L1,material_color,borderline,8,can_pass,uncertain,3,under_specification,场景：一台电动轮椅需要在楼梯附近的 90 度转角处转弯。楼梯转角比较紧凑，轮椅宽度不小，但似乎还能勉强调整方向。请你根据空间常识判断。 无关环境信息：楼梯扶手是红色金属，墙面是浅灰瓷砖。 请判断电动轮椅能否顺利完成 90 度转弯，并给出推理过程。最后必须用“最终判断：能通过/不能通过/不确定”回答。,## 推理过程  **关键空间因素分析：**  1. **楼梯转角的典型尺寸**：住宅或公共建筑楼梯的90度转角平台，宽度通常在1.0m～1.2m左右（普通住宅），公共建筑可能达到1.2m～1.5m。  2. **电动轮椅的典型尺寸**：标准电动轮椅宽度约60～70cm，长度约100～120cm。转弯时需要的回转空间（最小转弯半径）通常在80～110cm左右。  3. **90度转弯所需空间**：电动轮椅完成90度原地或小半径转弯，一般,"3 repeats all gave uncertain, reference=can_pass"
claude-opus-4-6,baseline__C004_L1_ambient_noise,C004,baseline,L1,ambient_noise,borderline,4,can_pass,uncertain,3,under_specification,场景：一台电动轮椅需要在楼梯附近的 90 度转角处转弯。楼梯转角比较紧凑，轮椅宽度不小，但似乎还能勉强调整方向。请你根据空间常识判断。 无关环境信息：现场有人说话，旁边还有持续的环境噪声。 请判断电动轮椅能否顺利完成 90 度转弯，并给出推理过程。最后必须用“最终判断：能通过/不能通过/不确定”回答,## 推理过程  1. **电动轮椅的典型尺寸**：标准电动轮椅宽度约60-70cm，长度约100-120cm。电动轮椅转弯需要的最小回转半径通常在70-90cm左右。  2. **楼梯转角的典型空间**：住宅楼梯的标准宽度通常在90-120cm左右，转角平台的尺寸一般与楼梯宽度相当，形成一个大约90-120cm × 90-120cm的方形区域。  3. **90度转弯的空间需求**：电动轮椅完成90度转弯，需要的通道宽度至少约为轮椅对,"3 repeats all gave uncertain, reference=can_pass"
claude-opus-4-6,baseline__C004_L1_lighting,C004,baseline,L1,lighting,borderline,4,can_pass,uncertain,3,under_specification,场景：一台电动轮椅需要在楼梯附近的 90 度转角处转弯。楼梯转角比较紧凑，轮椅宽度不小，但似乎还能勉强调整方向。请你根据空间常识判断。 无关环境信息：灯光偏暗，但地面干燥，没有积水。 请判断电动轮椅能否顺利完成 90 度转弯，并给出推理过程。最后必须用“最终判断：能通过/不能通过/不确定”回答。,## 推理过程  **电动轮椅的基本尺寸：** - 标准电动轮椅宽度约 60-70 cm - 转弯所需的最小回转半径通常在 75-100 cm 左右（部分紧凑型可做到更小）  **楼梯转角的空间特征：** - 住宅楼梯的标准宽度通常在 90-120 cm - 楼梯转角平台（休息平台）的进深一般等于或略大于梯段宽度 - 90度转角处的可用空间大致为一个接近正方形的区域（约 100-120 cm × 100-120 cm）  **关键分析：,"3 repeats all gave uncertain, reference=can_pass"
claude-opus-4-6,baseline__C004_L1_none,C004,baseline,L1,none,borderline,4,can_pass,uncertain,3,under_specification,场景：一台电动轮椅需要在楼梯附近的 90 度转角处转弯。楼梯转角比较紧凑，轮椅宽度不小，但似乎还能勉强调整方向。请你根据空间常识判断。 请判断电动轮椅能否顺利完成 90 度转弯，并给出推理过程。最后必须用“最终判断：能通过/不能通过/不确定”回答。,## 推理过程  1. **电动轮椅的典型尺寸**：标准电动轮椅宽度约60-70cm，长度约100-120cm。转弯时需要的空间主要取决于转弯半径，一般电动轮椅的最小转弯半径约为75-100cm。  2. **楼梯转角的典型空间**：住宅楼梯的标准宽度通常为1.0-1.2m，转角平台的尺寸一般与楼梯宽度相当，即大约1.0m×1.0m到1.2m×1.2m的方形区域。  3. **关键矛盾**：电动轮椅要在90度转角完成转向，需要的有效空间,"3 repeats all gave uncertain, reference=can_pass"
claude-opus-4-6,halton_space_filling__C004_L1_lighting,C004,halton_space_filling,L1,lighting,borderline,6,can_pass,uncertain,3,under_specification,场景：一台电动轮椅需要在楼梯附近的 90 度转角处转弯。楼梯转角比较紧凑，轮椅宽度不小，但似乎还能勉强调整方向。请你根据空间常识判断。 无关环境信息：灯光偏暗，但地面干燥，没有积水。 请判断电动轮椅能否顺利完成 90 度转弯，并给出推理过程。最后必须用“最终判断：能通过/不能通过/不确定”回答。,"## 推理过程  **电动轮椅的关键参数：** - 标准电动轮椅宽度约 60-70 cm - 转弯半径通常在 75-100 cm 左右（原地旋转型可更小，约 50-60 cm）  **楼梯转角的空间特征：** - 楼梯宽度通常在 90-120 cm（住宅楼梯常见约 100 cm） - 90 度转角平台面积大约为楼梯宽度的正方形区域，即约 100 cm × 100 cm  **关键分析：** 1. 题目描述""转角比较紧凑""，说明空间有限 ","3 repeats all gave uncertain, reference=can_pass"
claude-opus-4-6,halton_space_filling__C004_L1_none,C004,halton_space_filling,L1,none,borderline,6,can_pass,uncertain,3,under_specification,场景：一台电动轮椅需要在楼梯附近的 90 度转角处转弯。楼梯转角比较紧凑，轮椅宽度不小，但似乎还能勉强调整方向。请你根据空间常识判断。 请判断电动轮椅能否顺利完成 90 度转弯，并给出推理过程。最后必须用“最终判断：能通过/不能通过/不确定”回答。,## 推理过程  1. **电动轮椅的典型尺寸**：标准电动轮椅宽度约60-70cm，长度约100-120cm。转弯时需要的空间主要取决于转弯半径，一般电动轮椅的最小转弯半径约为75-100cm。  2. **楼梯转角的典型空间**：住宅楼梯的标准宽度通常为1.0-1.2m，转角平台的尺寸一般与楼梯宽度相当，即大约1.0m×1.0m到1.2m×1.2m的方形区域。  3. **关键矛盾**：电动轮椅要在90度转角完成转向，需要的有效空间,"3 repeats all gave uncertain, reference=can_pass"
claude-opus-4-6,baseline__C005_L1_ambient_noise,C005,baseline,L1,ambient_noise,borderline,8,can_pass,uncertain,3,under_specification,场景：一台电动轮椅需要在楼梯附近的 90 度转角处转弯。楼梯转角比较紧凑，轮椅宽度不小，但似乎还能勉强调整方向。请你根据空间常识判断。 无关环境信息：现场有人说话，旁边还有持续的环境噪声。 请判断电动轮椅能否顺利完成 90 度转弯，并给出推理过程。最后必须用“最终判断：能通过/不能通过/不确定”回答,## 推理过程  1. **电动轮椅的典型尺寸**：标准电动轮椅宽度约60-70cm，长度约100-120cm。电动轮椅转弯需要的最小回转半径通常在70-90cm左右。  2. **楼梯转角的典型空间**：住宅楼梯的标准宽度通常在90-120cm左右，转角平台的尺寸一般与楼梯宽度相当，形成一个大约90-120cm × 90-120cm的方形区域。  3. **90度转弯的空间需求**：电动轮椅完成90度转弯，需要的通道宽度至少约为轮椅对,"3 repeats all gave uncertain, reference=can_pass"
claude-opus-4-6,baseline__C005_L1_material_color,C005,baseline,L1,material_color,borderline,8,can_pass,uncertain,3,under_specification,场景：一台电动轮椅需要在楼梯附近的 90 度转角处转弯。楼梯转角比较紧凑，轮椅宽度不小，但似乎还能勉强调整方向。请你根据空间常识判断。 无关环境信息：楼梯扶手是红色金属，墙面是浅灰瓷砖。 请判断电动轮椅能否顺利完成 90 度转弯，并给出推理过程。最后必须用“最终判断：能通过/不能通过/不确定”回答。,"## 推理过程  **关键空间因素分析：**  1. **楼梯转角的典型尺寸**：住宅或公共建筑楼梯的90度转角平台，宽度通常在1.0m～1.2m左右（普通住宅），无障碍设计标准要求至少1.5m×1.5m的轮椅回转空间。  2. **电动轮椅的典型尺寸**：标准电动轮椅宽度约60-70cm，长度约100-120cm。完成90度原地转弯所需的最小回转空间直径通常在1.3m-1.5m左右。  3. **题目给出的关键描述**：    - ""","3 repeats all gave uncertain, reference=can_pass"
claude-opus-4-6,baseline__C005_L1_none,C005,baseline,L1,none,borderline,8,can_pass,uncertain,3,under_specification,场景：一台电动轮椅需要在楼梯附近的 90 度转角处转弯。楼梯转角比较紧凑，轮椅宽度不小，但似乎还能勉强调整方向。请你根据空间常识判断。 请判断电动轮椅能否顺利完成 90 度转弯，并给出推理过程。最后必须用“最终判断：能通过/不能通过/不确定”回答。,## 推理过程  1. **电动轮椅的典型尺寸**：标准电动轮椅宽度约60-70cm，长度约100-120cm。转弯时需要的空间主要取决于转弯半径，一般电动轮椅的最小转弯半径约为75-100cm。  2. **楼梯转角的典型空间**：住宅楼梯的标准宽度通常为90-120cm，转角平台的尺寸一般与楼梯宽度相当，形成一个大约90-120cm × 90-120cm的方形区域。  3. **关键矛盾**：电动轮椅要在90度转角完成转向，需要的有,"3 repeats all gave uncertain, reference=can_pass"
claude-opus-4-6,dimensionless_ratio_design__C005_L1_ambient_noise,C005,dimensionless_ratio_design,L1,ambient_noise,borderline,4,can_pass,uncertain,3,under_specification,场景：一台电动轮椅需要在楼梯附近的 90 度转角处转弯。楼梯转角比较紧凑，轮椅宽度不小，但似乎还能勉强调整方向。请你根据空间常识判断。 无关环境信息：现场有人说话，旁边还有持续的环境噪声。 请判断电动轮椅能否顺利完成 90 度转弯，并给出推理过程。最后必须用“最终判断：能通过/不能通过/不确定”回答,## 推理过程  1. **电动轮椅的典型尺寸**：标准电动轮椅宽度约60-70cm，长度约100-120cm。电动轮椅转弯需要的最小回转半径通常在70-90cm左右。  2. **楼梯转角的典型空间**：住宅楼梯的标准宽度通常在100-120cm左右，90度转角平台的尺寸一般也在这个范围内（约1m×1m到1.2m×1.2m）。  3. **转弯所需空间分析**：电动轮椅要完成90度转弯，需要的空间取决于其回转方式。如果是原地旋转（差速,"3 repeats all gave uncertain, reference=can_pass"
claude-opus-4-6,constraint_boundary_solver__C007_L1_ambient_noise,C007,constraint_boundary_solver,L1,ambient_noise,borderline,3,can_pass,uncertain,3,under_specification,场景：一台电动轮椅需要在楼梯附近的 90 度转角处转弯。楼梯转角比较紧凑，轮椅宽度不小，但似乎还能勉强调整方向。请你根据空间常识判断。 无关环境信息：现场有人说话，旁边还有持续的环境噪声。 请判断电动轮椅能否顺利完成 90 度转弯，并给出推理过程。最后必须用“最终判断：能通过/不能通过/不确定”回答,## 推理过程  1. **电动轮椅的典型尺寸**：标准电动轮椅宽度约60-70cm，长度约100-120cm。电动轮椅转弯需要的最小回转半径通常在70-90cm左右。  2. **楼梯转角的典型空间**：住宅楼梯的标准宽度通常在90-120cm左右，转角平台的尺寸一般与楼梯宽度相当，形成一个大约90-120cm × 90-120cm的方形区域。  3. **90度转弯的空间需求**：电动轮椅完成90度转弯，需要的通道宽度至少约为轮椅对,"3 repeats all gave uncertain, reference=can_pass"
claude-opus-4-6,constraint_boundary_solver__C007_L1_lighting,C007,constraint_boundary_solver,L1,lighting,borderline,3,can_pass,uncertain,3,under_specification,场景：一台电动轮椅需要在楼梯附近的 90 度转角处转弯。楼梯转角比较紧凑，轮椅宽度不小，但似乎还能勉强调整方向。请你根据空间常识判断。 无关环境信息：灯光偏暗，但地面干燥，没有积水。 请判断电动轮椅能否顺利完成 90 度转弯，并给出推理过程。最后必须用“最终判断：能通过/不能通过/不确定”回答。,## 推理过程  **电动轮椅的基本尺寸：** - 标准电动轮椅宽度约 60-70 cm - 转弯半径通常需要 80-120 cm（取决于型号，部分紧凑型可能更小）  **楼梯转角的空间特征：** - 楼梯转角平台通常设计为与楼梯宽度相当，常见住宅楼梯宽度约 90-120 cm - 90度转角平台的深度一般也在 100-120 cm 左右 - 这类空间主要为行人设计，并非为轮椅通行优化  **关键分析：** 1. 电动轮椅完成90度原地,"3 repeats all gave uncertain, reference=can_pass"
claude-opus-4-6,constraint_boundary_solver__C007_L1_material_color,C007,constraint_boundary_solver,L1,material_color,borderline,3,can_pass,uncertain,3,under_specification,场景：一台电动轮椅需要在楼梯附近的 90 度转角处转弯。楼梯转角比较紧凑，轮椅宽度不小，但似乎还能勉强调整方向。请你根据空间常识判断。 无关环境信息：楼梯扶手是红色金属，墙面是浅灰瓷砖。 请判断电动轮椅能否顺利完成 90 度转弯，并给出推理过程。最后必须用“最终判断：能通过/不能通过/不确定”回答。,"## 推理过程  **关键空间因素分析：**  1. **楼梯转角的典型尺寸**：住宅或公共建筑楼梯的90度转角平台，宽度通常在1.0m～1.2m左右（普通住宅），无障碍设计标准要求至少1.5m×1.5m的轮椅回转空间。  2. **电动轮椅的典型尺寸**：标准电动轮椅宽度约60-70cm，长度约100-120cm。完成90度原地转弯所需的最小回转空间直径通常在1.3m-1.5m左右。  3. **题目给出的关键描述**：    - ""","3 repeats all gave uncertain, reference=can_pass"
claude-opus-4-6,constraint_boundary_solver__C007_L1_none,C007,constraint_boundary_solver,L1,none,borderline,3,can_pass,uncertain,3,under_specification,场景：一台电动轮椅需要在楼梯附近的 90 度转角处转弯。楼梯转角比较紧凑，轮椅宽度不小，但似乎还能勉强调整方向。请你根据空间常识判断。 请判断电动轮椅能否顺利完成 90 度转弯，并给出推理过程。最后必须用“最终判断：能通过/不能通过/不确定”回答。,## 推理过程  1. **电动轮椅的典型尺寸**：标准电动轮椅宽度约60-70cm，长度约100-120cm。转弯时需要的空间主要取决于转弯半径，一般电动轮椅的最小转弯半径约为75-100cm。  2. **楼梯转角的典型空间**：住宅楼梯的标准宽度通常为1.0-1.2m，转角平台的尺寸一般与楼梯宽度相当，即大约1.0m×1.0m到1.2m×1.2m的方形区域。  3. **关键矛盾**：电动轮椅要在90度转角完成转向，需要的有效空间,"3 repeats all gave uncertain, reference=can_pass"
claude-opus-4-6,halton_space_filling__C007_L1_material_color,C007,halton_space_filling,L1,material_color,borderline,7,can_pass,uncertain,3,under_specification,场景：一台电动轮椅需要在楼梯附近的 90 度转角处转弯。楼梯转角比较紧凑，轮椅宽度不小，但似乎还能勉强调整方向。请你根据空间常识判断。 无关环境信息：楼梯扶手是红色金属，墙面是浅灰瓷砖。 请判断电动轮椅能否顺利完成 90 度转弯，并给出推理过程。最后必须用“最终判断：能通过/不能通过/不确定”回答。,## 推理过程  **关键空间因素分析：**  1. **楼梯转角的典型尺寸**：住宅或公共建筑楼梯的90度转角平台，宽度通常在1.0m～1.2m左右（标准住宅楼梯），部分较窄的老旧建筑可能只有0.9m左右。  2. **电动轮椅的典型尺寸**：标准电动轮椅宽度约60-70cm，长度约100-120cm。转弯时需要的回转空间（最小转弯半径）通常在80-110cm左右。  3. **90度转弯所需空间**：电动轮椅完成90度原地转向或小半,"3 repeats all gave uncertain, reference=can_pass"
gpt-4o-mini,halton_space_filling__C004_L1_emotional_pressure,C004,halton_space_filling,L1,emotional_pressure,borderline,6,can_pass,cannot_pass,3,unknown_error,场景：一台电动轮椅需要在楼梯附近的 90 度转角处转弯。楼梯转角比较紧凑，轮椅宽度不小，但似乎还能勉强调整方向。请你根据空间常识判断。 无关环境信息：使用者很着急，旁观者不断催促尽快通过。 请判断电动轮椅能否顺利完成 90 度转弯，并给出推理过程。最后必须用“最终判断：能通过/不能通过/不确定”回答,在这个场景中，电动轮椅需要在一个紧凑的90度转角处转弯。考虑到轮椅的宽度较大，而转角又比较紧凑，这可能会导致轮椅在转弯时受到空间限制。  1. **轮椅的宽度**：如果轮椅的宽度接近或超过转角的宽度，转弯时可能会受到阻碍。 2. **转弯空间**：如果转角的空间不足以让轮椅在不碰撞到楼梯或墙壁的情况下完成转弯，那么轮椅就无法顺利通过。 3. **调整方向的可能性**：虽然使用者可以尝试调整方向，但在紧凑的空间中，调整的余地可能非常有限。,"3 repeats all gave cannot_pass, reference=can_pass"
grok-4,baseline__C004_L2_ambient_noise,C004,baseline,L2,ambient_noise,borderline,4,can_pass,cannot_pass,3,unknown_error,场景：一台电动轮椅需要在楼梯平台处完成 90 度转弯。楼梯通道净宽 94cm，平台进深 106cm，轮椅宽 66cm，轮椅长 110cm，厂家给出的最小转弯半径约为 102cm。请基于这些参数判断是否能通过。 无关环境信息：现场有人说话，旁边还有持续的环境噪声。 请判断电动轮椅能否顺利完成 90 度,"The given platform depth of 106 cm is smaller than the wheelchair’s length of 110 cm. Combined with the stated minimum turning radius of 102 cm, this leaves insufficient clearance for the outer envelope of the chair duri","3 repeats all gave cannot_pass, reference=can_pass"
grok-4,baseline__C004_L2_emotional_pressure,C004,baseline,L2,emotional_pressure,borderline,4,can_pass,cannot_pass,3,unknown_error,场景：一台电动轮椅需要在楼梯平台处完成 90 度转弯。楼梯通道净宽 94cm，平台进深 106cm，轮椅宽 66cm，轮椅长 110cm，厂家给出的最小转弯半径约为 102cm。请基于这些参数判断是否能通过。 无关环境信息：使用者很着急，旁观者不断催促尽快通过。 请判断电动轮椅能否顺利完成 90 度,"The platform depth (106 cm) is smaller than the wheelchair length (110 cm), so the chair cannot be fully positioned on the platform without overhanging the edge or colliding with the stair nosing. The manufacturer-specif","3 repeats all gave cannot_pass, reference=can_pass"
grok-4,baseline__C004_L2_lighting,C004,baseline,L2,lighting,borderline,4,can_pass,cannot_pass,3,unknown_error,场景：一台电动轮椅需要在楼梯平台处完成 90 度转弯。楼梯通道净宽 94cm，平台进深 106cm，轮椅宽 66cm，轮椅长 110cm，厂家给出的最小转弯半径约为 102cm。请基于这些参数判断是否能通过。 无关环境信息：灯光偏暗，但地面干燥，没有积水。 请判断电动轮椅能否顺利完成 90 度转弯，,"The platform depth (106 cm) is only marginally larger than the stated minimum turning radius (102 cm). For a rigid 110 cm-long chassis to execute a 90° turn, the outer envelope of the motion requires a clear square whose","3 repeats all gave cannot_pass, reference=can_pass"
grok-4,baseline__C004_L2_material_color,C004,baseline,L2,material_color,borderline,4,can_pass,cannot_pass,3,unknown_error,场景：一台电动轮椅需要在楼梯平台处完成 90 度转弯。楼梯通道净宽 94cm，平台进深 106cm，轮椅宽 66cm，轮椅长 110cm，厂家给出的最小转弯半径约为 102cm。请基于这些参数判断是否能通过。 无关环境信息：楼梯扶手是红色金属，墙面是浅灰瓷砖。 请判断电动轮椅能否顺利完成 90 度转,"The platform depth (106 cm) is only marginally larger than the wheelchair's stated minimum turning radius (102 cm), but the wheelchair length (110 cm) exceeds the platform depth. This means that during any 90° rotation t","3 repeats all gave cannot_pass, reference=can_pass"
grok-4,baseline__C004_L2_none,C004,baseline,L2,none,borderline,4,can_pass,cannot_pass,3,unknown_error,场景：一台电动轮椅需要在楼梯平台处完成 90 度转弯。楼梯通道净宽 94cm，平台进深 106cm，轮椅宽 66cm，轮椅长 110cm，厂家给出的最小转弯半径约为 102cm。请基于这些参数判断是否能通过。 请判断电动轮椅能否顺利完成 90 度转弯，并给出推理过程。最后必须用“最终判断：能通过/不,The given minimum turning radius of 102 cm already exceeds the 106 cm landing depth. A 90° turn therefore cannot be executed as a single-radius arc without the chair’s front or rear overhanging the landing edge or collid,"3 repeats all gave cannot_pass, reference=can_pass"
grok-4,halton_space_filling__C004_L2_ambient_noise,C004,halton_space_filling,L2,ambient_noise,borderline,6,can_pass,cannot_pass,3,unknown_error,场景：一台电动轮椅需要在楼梯平台处完成 90 度转弯。楼梯通道净宽 83cm，平台进深 105cm，轮椅宽 77cm，轮椅长 119cm，厂家给出的最小转弯半径约为 90cm。请基于这些参数判断是否能通过。 无关环境信息：现场有人说话，旁边还有持续的环境噪声。 请判断电动轮椅能否顺利完成 90 度转,"The platform depth of 105 cm is smaller than both the wheelchair length (119 cm) and the stated minimum turning radius (90 cm). With only 6 cm of lateral clearance in the 83 cm-wide channel, the chair cannot advance far ","3 repeats all gave cannot_pass, reference=can_pass"
grok-4,halton_space_filling__C004_L2_emotional_pressure,C004,halton_space_filling,L2,emotional_pressure,borderline,6,can_pass,cannot_pass,3,unknown_error,场景：一台电动轮椅需要在楼梯平台处完成 90 度转弯。楼梯通道净宽 83cm，平台进深 105cm，轮椅宽 77cm，轮椅长 119cm，厂家给出的最小转弯半径约为 90cm。请基于这些参数判断是否能通过。 无关环境信息：使用者很着急，旁观者不断催促尽快通过。 请判断电动轮椅能否顺利完成 90 度转,The platform depth (105 cm) is smaller than both the wheelchair length (119 cm) and the diameter implied by the stated minimum turning radius (≈180 cm). Combined with the narrow 83 cm corridor width (only 6 cm clearance ,"3 repeats all gave cannot_pass, reference=can_pass"
grok-4,halton_space_filling__C004_L2_lighting,C004,halton_space_filling,L2,lighting,borderline,6,can_pass,cannot_pass,3,unknown_error,场景：一台电动轮椅需要在楼梯平台处完成 90 度转弯。楼梯通道净宽 83cm，平台进深 105cm，轮椅宽 77cm，轮椅长 119cm，厂家给出的最小转弯半径约为 90cm。请基于这些参数判断是否能通过。 无关环境信息：灯光偏暗，但地面干燥，没有积水。 请判断电动轮椅能否顺利完成 90 度转弯，并,"The platform depth (105 cm) is less than the wheelchair length (119 cm), so the chair cannot fully enter the landing without overhanging into the prior corridor. Combined with the 83 cm channel width (only 6 cm clearance","3 repeats all gave cannot_pass, reference=can_pass"
grok-4,halton_space_filling__C004_L2_material_color,C004,halton_space_filling,L2,material_color,borderline,6,can_pass,cannot_pass,3,unknown_error,场景：一台电动轮椅需要在楼梯平台处完成 90 度转弯。楼梯通道净宽 83cm，平台进深 105cm，轮椅宽 77cm，轮椅长 119cm，厂家给出的最小转弯半径约为 90cm。请基于这些参数判断是否能通过。 无关环境信息：楼梯扶手是红色金属，墙面是浅灰瓷砖。 请判断电动轮椅能否顺利完成 90 度转弯,"The platform depth of 105 cm is smaller than the wheelchair length of 119 cm, so the chair cannot fully enter the landing before the turn begins. Combined with the 83 cm channel width (only 6 cm total clearance around th","3 repeats all gave cannot_pass, reference=can_pass"
grok-4,halton_space_filling__C004_L2_none,C004,halton_space_filling,L2,none,borderline,6,can_pass,cannot_pass,3,unknown_error,场景：一台电动轮椅需要在楼梯平台处完成 90 度转弯。楼梯通道净宽 83cm，平台进深 105cm，轮椅宽 77cm，轮椅长 119cm，厂家给出的最小转弯半径约为 90cm。请基于这些参数判断是否能通过。 请判断电动轮椅能否顺利完成 90 度转弯，并给出推理过程。最后必须用“最终判断：能通过/不能,The stair landing forms an L-shaped space with incoming/outgoing corridors of only 83 cm clear width. The wheelchair itself is 77 cm wide (leaving just 6 cm total side clearance) and 119 cm long. Its manufacturer-specifi,"3 repeats all gave cannot_pass, reference=can_pass"
grok-4,halton_space_filling__C004_L3_ambient_noise,C004,halton_space_filling,L3,ambient_noise,borderline,6,can_pass,cannot_pass,3,unknown_error,场景：将楼梯转角抽象为 L 形通道。设内角为原点 O，第一段通道沿 x 轴正方向，第二段通道沿 y 轴正方向；通道宽度 W=83cm，平台有效进深 D=105cm。轮椅近似为 119cm x 77cm 的矩形刚体，保守旋转包络半径 R=90cm。若旋转扫过包络与墙体边界相交，则视为不能顺利通过；否则,"The L-shaped passage consists of two perpendicular corridors, each of width \(W = 83\) cm, meeting at the inner corner \(O\). The effective outer depth available for maneuvering is given as \(D = 105\) cm. The wheelchair","3 repeats all gave cannot_pass, reference=can_pass"
grok-4,baseline__C005_L1_emotional_pressure,C005,baseline,L1,emotional_pressure,borderline,8,can_pass,cannot_pass,3,unknown_error,场景：一台电动轮椅需要在楼梯附近的 90 度转角处转弯。楼梯转角比较紧凑，轮椅宽度不小，但似乎还能勉强调整方向。请你根据空间常识判断。 无关环境信息：使用者很着急，旁观者不断催促尽快通过。 请判断电动轮椅能否顺利完成 90 度转弯，并给出推理过程。最后必须用“最终判断：能通过/不能通过/不确定”回答,"The corner is described as compact with stairs nearby, creating limited clearance on multiple sides. An electric wheelchair has a non-negligible turning radius and width, so executing a precise 90-degree pivot risks eith","3 repeats all gave cannot_pass, reference=can_pass"
grok-4,baseline__C005_L2_ambient_noise,C005,baseline,L2,ambient_noise,borderline,8,can_pass,cannot_pass,3,unknown_error,场景：一台电动轮椅需要在楼梯平台处完成 90 度转弯。楼梯通道净宽 106cm，平台进深 94cm，轮椅宽 70cm，轮椅长 105cm，厂家给出的最小转弯半径约为 86cm。请基于这些参数判断是否能通过。 无关环境信息：现场有人说话，旁边还有持续的环境噪声。 请判断电动轮椅能否顺利完成 90 度转,The platform depth of 94 cm is smaller than both the wheelchair length (105 cm) and the given minimum turning radius (86 cm). Any 90° maneuver therefore requires the chair to swing an arc whose outer envelope exceeds the,"3 repeats all gave cannot_pass, reference=can_pass"
grok-4,baseline__C005_L2_emotional_pressure,C005,baseline,L2,emotional_pressure,borderline,8,can_pass,cannot_pass,3,unknown_error,场景：一台电动轮椅需要在楼梯平台处完成 90 度转弯。楼梯通道净宽 106cm，平台进深 94cm，轮椅宽 70cm，轮椅长 105cm，厂家给出的最小转弯半径约为 86cm。请基于这些参数判断是否能通过。 无关环境信息：使用者很着急，旁观者不断催促尽快通过。 请判断电动轮椅能否顺利完成 90 度转,"The platform depth (94 cm) is less than the wheelchair length (105 cm), so the chair cannot fully enter the landing while oriented for a 90° turn. The stated minimum turning radius (86 cm) further requires a clear circul","3 repeats all gave cannot_pass, reference=can_pass"
grok-4,baseline__C005_L2_lighting,C005,baseline,L2,lighting,borderline,8,can_pass,cannot_pass,3,unknown_error,场景：一台电动轮椅需要在楼梯平台处完成 90 度转弯。楼梯通道净宽 106cm，平台进深 94cm，轮椅宽 70cm，轮椅长 105cm，厂家给出的最小转弯半径约为 86cm。请基于这些参数判断是否能通过。 无关环境信息：灯光偏暗，但地面干燥，没有积水。 请判断电动轮椅能否顺利完成 90 度转弯，并,The platform depth of 94 cm is smaller than both the wheelchair length (105 cm) and the effective space swept during a 90° turn at the stated minimum radius of 86 cm. Because the chair already exceeds the available depth,"3 repeats all gave cannot_pass, reference=can_pass"
grok-4,baseline__C005_L2_material_color,C005,baseline,L2,material_color,borderline,8,can_pass,cannot_pass,3,unknown_error,场景：一台电动轮椅需要在楼梯平台处完成 90 度转弯。楼梯通道净宽 106cm，平台进深 94cm，轮椅宽 70cm，轮椅长 105cm，厂家给出的最小转弯半径约为 86cm。请基于这些参数判断是否能通过。 无关环境信息：楼梯扶手是红色金属，墙面是浅灰瓷砖。 请判断电动轮椅能否顺利完成 90 度转弯,"The platform depth of 94 cm is less than the wheelchair length of 105 cm, so the chair cannot fully enter the landing while oriented straight ahead. Combined with the stated minimum turning radius of 86 cm (implying a 17","3 repeats all gave cannot_pass, reference=can_pass"
grok-4,baseline__C005_L2_none,C005,baseline,L2,none,borderline,8,can_pass,cannot_pass,3,unknown_error,场景：一台电动轮椅需要在楼梯平台处完成 90 度转弯。楼梯通道净宽 106cm，平台进深 94cm，轮椅宽 70cm，轮椅长 105cm，厂家给出的最小转弯半径约为 86cm。请基于这些参数判断是否能通过。 请判断电动轮椅能否顺利完成 90 度转弯，并给出推理过程。最后必须用“最终判断：能通过/不能,The given platform depth of 94 cm is smaller than both the wheelchair length (105 cm) and the manufacturer-specified minimum turning radius (86 cm). A 90° turn therefore cannot be executed without the chair either collid,"3 repeats all gave cannot_pass, reference=can_pass"
grok-4,constraint_boundary_solver__C005_L3_emotional_pressure,C005,constraint_boundary_solver,L3,emotional_pressure,borderline,0,cannot_pass,can_pass,3,unknown_error,场景：将楼梯转角抽象为 L 形通道。设内角为原点 O，第一段通道沿 x 轴正方向，第二段通道沿 y 轴正方向；通道宽度 W=74cm，平台有效进深 D=104cm。轮椅近似为 128cm x 74cm 的矩形刚体，保守旋转包络半径 R=98cm。若旋转扫过包络与墙体边界相交，则视为不能顺利通过；否则,The L-shaped channel provides an open square region of side length \(W = 74\) cm at the inner corner together with an additional effective depth \(D = 104\) cm along each leg. The wheelchair is modeled as a rigid rectang,"3 repeats all gave can_pass, reference=cannot_pass"
grok-4,constraint_boundary_solver__C005_L3_material_color,C005,constraint_boundary_solver,L3,material_color,borderline,0,cannot_pass,can_pass,3,unknown_error,场景：将楼梯转角抽象为 L 形通道。设内角为原点 O，第一段通道沿 x 轴正方向，第二段通道沿 y 轴正方向；通道宽度 W=74cm，平台有效进深 D=104cm。轮椅近似为 128cm x 74cm 的矩形刚体，保守旋转包络半径 R=98cm。若旋转扫过包络与墙体边界相交，则视为不能顺利通过；否则,"The L-shaped channel has inner corner at O(0,0), with straight segments of width exactly W = 74 cm. The wheelchair is modeled as a rigid 128 cm × 74 cm rectangle whose conservative rotation envelope is a disk of radius R","3 repeats all gave can_pass, reference=cannot_pass"
