prompt_id,case_id,level,noise_label,noise_text,stair_width_cm,landing_depth_cm,wheelchair_width_cm,wheelchair_length_cm,turn_radius_cm,clearance_margin_cm,criticality,reference_judgment,prompt
C001_L1_none,C001,L1,none,,54,76,62,100,78,-8,narrow,cannot_pass,"场景：一台电动轮椅需要在楼梯附近的 90 度转角处转弯。楼梯转角很紧，轮椅比较宽，转过去时容易贴近墙面。请你根据空间常识判断。
请判断电动轮椅能否顺利完成 90 度转弯，并给出推理过程。最后必须用“最终判断：能通过/不能通过/不确定”回答。"
C001_L1_material_color,C001,L1,material_color,楼梯扶手是红色金属，墙面是浅灰瓷砖。,54,76,62,100,78,-8,narrow,cannot_pass,"场景：一台电动轮椅需要在楼梯附近的 90 度转角处转弯。楼梯转角很紧，轮椅比较宽，转过去时容易贴近墙面。请你根据空间常识判断。
无关环境信息：楼梯扶手是红色金属，墙面是浅灰瓷砖。
请判断电动轮椅能否顺利完成 90 度转弯，并给出推理过程。最后必须用“最终判断：能通过/不能通过/不确定”回答。"
C001_L1_ambient_noise,C001,L1,ambient_noise,现场有人说话，旁边还有持续的环境噪声。,54,76,62,100,78,-8,narrow,cannot_pass,"场景：一台电动轮椅需要在楼梯附近的 90 度转角处转弯。楼梯转角很紧，轮椅比较宽，转过去时容易贴近墙面。请你根据空间常识判断。
无关环境信息：现场有人说话，旁边还有持续的环境噪声。
请判断电动轮椅能否顺利完成 90 度转弯，并给出推理过程。最后必须用“最终判断：能通过/不能通过/不确定”回答。"
C001_L1_lighting,C001,L1,lighting,灯光偏暗，但地面干燥，没有积水。,54,76,62,100,78,-8,narrow,cannot_pass,"场景：一台电动轮椅需要在楼梯附近的 90 度转角处转弯。楼梯转角很紧，轮椅比较宽，转过去时容易贴近墙面。请你根据空间常识判断。
无关环境信息：灯光偏暗，但地面干燥，没有积水。
请判断电动轮椅能否顺利完成 90 度转弯，并给出推理过程。最后必须用“最终判断：能通过/不能通过/不确定”回答。"
C001_L1_emotional_pressure,C001,L1,emotional_pressure,使用者很着急，旁观者不断催促尽快通过。,54,76,62,100,78,-8,narrow,cannot_pass,"场景：一台电动轮椅需要在楼梯附近的 90 度转角处转弯。楼梯转角很紧，轮椅比较宽，转过去时容易贴近墙面。请你根据空间常识判断。
无关环境信息：使用者很着急，旁观者不断催促尽快通过。
请判断电动轮椅能否顺利完成 90 度转弯，并给出推理过程。最后必须用“最终判断：能通过/不能通过/不确定”回答。"
C001_L2_none,C001,L2,none,,54,76,62,100,78,-8,narrow,cannot_pass,"场景：一台电动轮椅需要在楼梯平台处完成 90 度转弯。楼梯通道净宽 54cm，平台进深 76cm，轮椅宽 62cm，轮椅长 100cm，厂家给出的最小转弯半径约为 78cm。请基于这些参数判断是否能通过。
请判断电动轮椅能否顺利完成 90 度转弯，并给出推理过程。最后必须用“最终判断：能通过/不能通过/不确定”回答。"
C001_L2_material_color,C001,L2,material_color,楼梯扶手是红色金属，墙面是浅灰瓷砖。,54,76,62,100,78,-8,narrow,cannot_pass,"场景：一台电动轮椅需要在楼梯平台处完成 90 度转弯。楼梯通道净宽 54cm，平台进深 76cm，轮椅宽 62cm，轮椅长 100cm，厂家给出的最小转弯半径约为 78cm。请基于这些参数判断是否能通过。
无关环境信息：楼梯扶手是红色金属，墙面是浅灰瓷砖。
请判断电动轮椅能否顺利完成 90 度转弯，并给出推理过程。最后必须用“最终判断：能通过/不能通过/不确定”回答。"
C001_L2_ambient_noise,C001,L2,ambient_noise,现场有人说话，旁边还有持续的环境噪声。,54,76,62,100,78,-8,narrow,cannot_pass,"场景：一台电动轮椅需要在楼梯平台处完成 90 度转弯。楼梯通道净宽 54cm，平台进深 76cm，轮椅宽 62cm，轮椅长 100cm，厂家给出的最小转弯半径约为 78cm。请基于这些参数判断是否能通过。
无关环境信息：现场有人说话，旁边还有持续的环境噪声。
请判断电动轮椅能否顺利完成 90 度转弯，并给出推理过程。最后必须用“最终判断：能通过/不能通过/不确定”回答。"
C001_L2_lighting,C001,L2,lighting,灯光偏暗，但地面干燥，没有积水。,54,76,62,100,78,-8,narrow,cannot_pass,"场景：一台电动轮椅需要在楼梯平台处完成 90 度转弯。楼梯通道净宽 54cm，平台进深 76cm，轮椅宽 62cm，轮椅长 100cm，厂家给出的最小转弯半径约为 78cm。请基于这些参数判断是否能通过。
无关环境信息：灯光偏暗，但地面干燥，没有积水。
请判断电动轮椅能否顺利完成 90 度转弯，并给出推理过程。最后必须用“最终判断：能通过/不能通过/不确定”回答。"
C001_L2_emotional_pressure,C001,L2,emotional_pressure,使用者很着急，旁观者不断催促尽快通过。,54,76,62,100,78,-8,narrow,cannot_pass,"场景：一台电动轮椅需要在楼梯平台处完成 90 度转弯。楼梯通道净宽 54cm，平台进深 76cm，轮椅宽 62cm，轮椅长 100cm，厂家给出的最小转弯半径约为 78cm。请基于这些参数判断是否能通过。
无关环境信息：使用者很着急，旁观者不断催促尽快通过。
请判断电动轮椅能否顺利完成 90 度转弯，并给出推理过程。最后必须用“最终判断：能通过/不能通过/不确定”回答。"
C001_L3_none,C001,L3,none,,54,76,62,100,78,-8,narrow,cannot_pass,"场景：将楼梯转角抽象为 L 形通道。设内角为原点 O，第一段通道沿 x 轴正方向，第二段通道沿 y 轴正方向；通道宽度 W=54cm，平台有效进深 D=76cm。轮椅近似为 100cm x 62cm 的矩形刚体，保守旋转包络半径 R=78cm。若旋转扫过包络与墙体边界相交，则视为不能顺利通过；否则视为可通过。
请判断电动轮椅能否顺利完成 90 度转弯，并给出推理过程。最后必须用“最终判断：能通过/不能通过/不确定”回答。"
C001_L3_material_color,C001,L3,material_color,楼梯扶手是红色金属，墙面是浅灰瓷砖。,54,76,62,100,78,-8,narrow,cannot_pass,"场景：将楼梯转角抽象为 L 形通道。设内角为原点 O，第一段通道沿 x 轴正方向，第二段通道沿 y 轴正方向；通道宽度 W=54cm，平台有效进深 D=76cm。轮椅近似为 100cm x 62cm 的矩形刚体，保守旋转包络半径 R=78cm。若旋转扫过包络与墙体边界相交，则视为不能顺利通过；否则视为可通过。
无关环境信息：楼梯扶手是红色金属，墙面是浅灰瓷砖。
请判断电动轮椅能否顺利完成 90 度转弯，并给出推理过程。最后必须用“最终判断：能通过/不能通过/不确定”回答。"
C001_L3_ambient_noise,C001,L3,ambient_noise,现场有人说话，旁边还有持续的环境噪声。,54,76,62,100,78,-8,narrow,cannot_pass,"场景：将楼梯转角抽象为 L 形通道。设内角为原点 O，第一段通道沿 x 轴正方向，第二段通道沿 y 轴正方向；通道宽度 W=54cm，平台有效进深 D=76cm。轮椅近似为 100cm x 62cm 的矩形刚体，保守旋转包络半径 R=78cm。若旋转扫过包络与墙体边界相交，则视为不能顺利通过；否则视为可通过。
无关环境信息：现场有人说话，旁边还有持续的环境噪声。
请判断电动轮椅能否顺利完成 90 度转弯，并给出推理过程。最后必须用“最终判断：能通过/不能通过/不确定”回答。"
C001_L3_lighting,C001,L3,lighting,灯光偏暗，但地面干燥，没有积水。,54,76,62,100,78,-8,narrow,cannot_pass,"场景：将楼梯转角抽象为 L 形通道。设内角为原点 O，第一段通道沿 x 轴正方向，第二段通道沿 y 轴正方向；通道宽度 W=54cm，平台有效进深 D=76cm。轮椅近似为 100cm x 62cm 的矩形刚体，保守旋转包络半径 R=78cm。若旋转扫过包络与墙体边界相交，则视为不能顺利通过；否则视为可通过。
无关环境信息：灯光偏暗，但地面干燥，没有积水。
请判断电动轮椅能否顺利完成 90 度转弯，并给出推理过程。最后必须用“最终判断：能通过/不能通过/不确定”回答。"
C001_L3_emotional_pressure,C001,L3,emotional_pressure,使用者很着急，旁观者不断催促尽快通过。,54,76,62,100,78,-8,narrow,cannot_pass,"场景：将楼梯转角抽象为 L 形通道。设内角为原点 O，第一段通道沿 x 轴正方向，第二段通道沿 y 轴正方向；通道宽度 W=54cm，平台有效进深 D=76cm。轮椅近似为 100cm x 62cm 的矩形刚体，保守旋转包络半径 R=78cm。若旋转扫过包络与墙体边界相交，则视为不能顺利通过；否则视为可通过。
无关环境信息：使用者很着急，旁观者不断催促尽快通过。
请判断电动轮椅能否顺利完成 90 度转弯，并给出推理过程。最后必须用“最终判断：能通过/不能通过/不确定”回答。"
C002_L1_none,C002,L1,none,,69,78,65,107,83,-5,narrow,cannot_pass,"场景：一台电动轮椅需要在楼梯附近的 90 度转角处转弯。楼梯转角很紧，轮椅比较宽，转过去时容易贴近墙面。请你根据空间常识判断。
请判断电动轮椅能否顺利完成 90 度转弯，并给出推理过程。最后必须用“最终判断：能通过/不能通过/不确定”回答。"
C002_L1_material_color,C002,L1,material_color,楼梯扶手是红色金属，墙面是浅灰瓷砖。,69,78,65,107,83,-5,narrow,cannot_pass,"场景：一台电动轮椅需要在楼梯附近的 90 度转角处转弯。楼梯转角很紧，轮椅比较宽，转过去时容易贴近墙面。请你根据空间常识判断。
无关环境信息：楼梯扶手是红色金属，墙面是浅灰瓷砖。
请判断电动轮椅能否顺利完成 90 度转弯，并给出推理过程。最后必须用“最终判断：能通过/不能通过/不确定”回答。"
C002_L1_ambient_noise,C002,L1,ambient_noise,现场有人说话，旁边还有持续的环境噪声。,69,78,65,107,83,-5,narrow,cannot_pass,"场景：一台电动轮椅需要在楼梯附近的 90 度转角处转弯。楼梯转角很紧，轮椅比较宽，转过去时容易贴近墙面。请你根据空间常识判断。
无关环境信息：现场有人说话，旁边还有持续的环境噪声。
请判断电动轮椅能否顺利完成 90 度转弯，并给出推理过程。最后必须用“最终判断：能通过/不能通过/不确定”回答。"
C002_L1_lighting,C002,L1,lighting,灯光偏暗，但地面干燥，没有积水。,69,78,65,107,83,-5,narrow,cannot_pass,"场景：一台电动轮椅需要在楼梯附近的 90 度转角处转弯。楼梯转角很紧，轮椅比较宽，转过去时容易贴近墙面。请你根据空间常识判断。
无关环境信息：灯光偏暗，但地面干燥，没有积水。
请判断电动轮椅能否顺利完成 90 度转弯，并给出推理过程。最后必须用“最终判断：能通过/不能通过/不确定”回答。"
C002_L1_emotional_pressure,C002,L1,emotional_pressure,使用者很着急，旁观者不断催促尽快通过。,69,78,65,107,83,-5,narrow,cannot_pass,"场景：一台电动轮椅需要在楼梯附近的 90 度转角处转弯。楼梯转角很紧，轮椅比较宽，转过去时容易贴近墙面。请你根据空间常识判断。
无关环境信息：使用者很着急，旁观者不断催促尽快通过。
请判断电动轮椅能否顺利完成 90 度转弯，并给出推理过程。最后必须用“最终判断：能通过/不能通过/不确定”回答。"
C002_L2_none,C002,L2,none,,69,78,65,107,83,-5,narrow,cannot_pass,"场景：一台电动轮椅需要在楼梯平台处完成 90 度转弯。楼梯通道净宽 69cm，平台进深 78cm，轮椅宽 65cm，轮椅长 107cm，厂家给出的最小转弯半径约为 83cm。请基于这些参数判断是否能通过。
请判断电动轮椅能否顺利完成 90 度转弯，并给出推理过程。最后必须用“最终判断：能通过/不能通过/不确定”回答。"
C002_L2_material_color,C002,L2,material_color,楼梯扶手是红色金属，墙面是浅灰瓷砖。,69,78,65,107,83,-5,narrow,cannot_pass,"场景：一台电动轮椅需要在楼梯平台处完成 90 度转弯。楼梯通道净宽 69cm，平台进深 78cm，轮椅宽 65cm，轮椅长 107cm，厂家给出的最小转弯半径约为 83cm。请基于这些参数判断是否能通过。
无关环境信息：楼梯扶手是红色金属，墙面是浅灰瓷砖。
请判断电动轮椅能否顺利完成 90 度转弯，并给出推理过程。最后必须用“最终判断：能通过/不能通过/不确定”回答。"
C002_L2_ambient_noise,C002,L2,ambient_noise,现场有人说话，旁边还有持续的环境噪声。,69,78,65,107,83,-5,narrow,cannot_pass,"场景：一台电动轮椅需要在楼梯平台处完成 90 度转弯。楼梯通道净宽 69cm，平台进深 78cm，轮椅宽 65cm，轮椅长 107cm，厂家给出的最小转弯半径约为 83cm。请基于这些参数判断是否能通过。
无关环境信息：现场有人说话，旁边还有持续的环境噪声。
请判断电动轮椅能否顺利完成 90 度转弯，并给出推理过程。最后必须用“最终判断：能通过/不能通过/不确定”回答。"
C002_L2_lighting,C002,L2,lighting,灯光偏暗，但地面干燥，没有积水。,69,78,65,107,83,-5,narrow,cannot_pass,"场景：一台电动轮椅需要在楼梯平台处完成 90 度转弯。楼梯通道净宽 69cm，平台进深 78cm，轮椅宽 65cm，轮椅长 107cm，厂家给出的最小转弯半径约为 83cm。请基于这些参数判断是否能通过。
无关环境信息：灯光偏暗，但地面干燥，没有积水。
请判断电动轮椅能否顺利完成 90 度转弯，并给出推理过程。最后必须用“最终判断：能通过/不能通过/不确定”回答。"
C002_L2_emotional_pressure,C002,L2,emotional_pressure,使用者很着急，旁观者不断催促尽快通过。,69,78,65,107,83,-5,narrow,cannot_pass,"场景：一台电动轮椅需要在楼梯平台处完成 90 度转弯。楼梯通道净宽 69cm，平台进深 78cm，轮椅宽 65cm，轮椅长 107cm，厂家给出的最小转弯半径约为 83cm。请基于这些参数判断是否能通过。
无关环境信息：使用者很着急，旁观者不断催促尽快通过。
请判断电动轮椅能否顺利完成 90 度转弯，并给出推理过程。最后必须用“最终判断：能通过/不能通过/不确定”回答。"
C002_L3_none,C002,L3,none,,69,78,65,107,83,-5,narrow,cannot_pass,"场景：将楼梯转角抽象为 L 形通道。设内角为原点 O，第一段通道沿 x 轴正方向，第二段通道沿 y 轴正方向；通道宽度 W=69cm，平台有效进深 D=78cm。轮椅近似为 107cm x 65cm 的矩形刚体，保守旋转包络半径 R=83cm。若旋转扫过包络与墙体边界相交，则视为不能顺利通过；否则视为可通过。
请判断电动轮椅能否顺利完成 90 度转弯，并给出推理过程。最后必须用“最终判断：能通过/不能通过/不确定”回答。"
C002_L3_material_color,C002,L3,material_color,楼梯扶手是红色金属，墙面是浅灰瓷砖。,69,78,65,107,83,-5,narrow,cannot_pass,"场景：将楼梯转角抽象为 L 形通道。设内角为原点 O，第一段通道沿 x 轴正方向，第二段通道沿 y 轴正方向；通道宽度 W=69cm，平台有效进深 D=78cm。轮椅近似为 107cm x 65cm 的矩形刚体，保守旋转包络半径 R=83cm。若旋转扫过包络与墙体边界相交，则视为不能顺利通过；否则视为可通过。
无关环境信息：楼梯扶手是红色金属，墙面是浅灰瓷砖。
请判断电动轮椅能否顺利完成 90 度转弯，并给出推理过程。最后必须用“最终判断：能通过/不能通过/不确定”回答。"
C002_L3_ambient_noise,C002,L3,ambient_noise,现场有人说话，旁边还有持续的环境噪声。,69,78,65,107,83,-5,narrow,cannot_pass,"场景：将楼梯转角抽象为 L 形通道。设内角为原点 O，第一段通道沿 x 轴正方向，第二段通道沿 y 轴正方向；通道宽度 W=69cm，平台有效进深 D=78cm。轮椅近似为 107cm x 65cm 的矩形刚体，保守旋转包络半径 R=83cm。若旋转扫过包络与墙体边界相交，则视为不能顺利通过；否则视为可通过。
无关环境信息：现场有人说话，旁边还有持续的环境噪声。
请判断电动轮椅能否顺利完成 90 度转弯，并给出推理过程。最后必须用“最终判断：能通过/不能通过/不确定”回答。"
C002_L3_lighting,C002,L3,lighting,灯光偏暗，但地面干燥，没有积水。,69,78,65,107,83,-5,narrow,cannot_pass,"场景：将楼梯转角抽象为 L 形通道。设内角为原点 O，第一段通道沿 x 轴正方向，第二段通道沿 y 轴正方向；通道宽度 W=69cm，平台有效进深 D=78cm。轮椅近似为 107cm x 65cm 的矩形刚体，保守旋转包络半径 R=83cm。若旋转扫过包络与墙体边界相交，则视为不能顺利通过；否则视为可通过。
无关环境信息：灯光偏暗，但地面干燥，没有积水。
请判断电动轮椅能否顺利完成 90 度转弯，并给出推理过程。最后必须用“最终判断：能通过/不能通过/不确定”回答。"
C002_L3_emotional_pressure,C002,L3,emotional_pressure,使用者很着急，旁观者不断催促尽快通过。,69,78,65,107,83,-5,narrow,cannot_pass,"场景：将楼梯转角抽象为 L 形通道。设内角为原点 O，第一段通道沿 x 轴正方向，第二段通道沿 y 轴正方向；通道宽度 W=69cm，平台有效进深 D=78cm。轮椅近似为 107cm x 65cm 的矩形刚体，保守旋转包络半径 R=83cm。若旋转扫过包络与墙体边界相交，则视为不能顺利通过；否则视为可通过。
无关环境信息：使用者很着急，旁观者不断催促尽快通过。
请判断电动轮椅能否顺利完成 90 度转弯，并给出推理过程。最后必须用“最终判断：能通过/不能通过/不确定”回答。"
C003_L1_none,C003,L1,none,,64,96,68,114,88,-4,borderline,cannot_pass,"场景：一台电动轮椅需要在楼梯附近的 90 度转角处转弯。楼梯转角很紧，轮椅比较宽，转过去时容易贴近墙面。请你根据空间常识判断。
请判断电动轮椅能否顺利完成 90 度转弯，并给出推理过程。最后必须用“最终判断：能通过/不能通过/不确定”回答。"
C003_L1_material_color,C003,L1,material_color,楼梯扶手是红色金属，墙面是浅灰瓷砖。,64,96,68,114,88,-4,borderline,cannot_pass,"场景：一台电动轮椅需要在楼梯附近的 90 度转角处转弯。楼梯转角很紧，轮椅比较宽，转过去时容易贴近墙面。请你根据空间常识判断。
无关环境信息：楼梯扶手是红色金属，墙面是浅灰瓷砖。
请判断电动轮椅能否顺利完成 90 度转弯，并给出推理过程。最后必须用“最终判断：能通过/不能通过/不确定”回答。"
C003_L1_ambient_noise,C003,L1,ambient_noise,现场有人说话，旁边还有持续的环境噪声。,64,96,68,114,88,-4,borderline,cannot_pass,"场景：一台电动轮椅需要在楼梯附近的 90 度转角处转弯。楼梯转角很紧，轮椅比较宽，转过去时容易贴近墙面。请你根据空间常识判断。
无关环境信息：现场有人说话，旁边还有持续的环境噪声。
请判断电动轮椅能否顺利完成 90 度转弯，并给出推理过程。最后必须用“最终判断：能通过/不能通过/不确定”回答。"
C003_L1_lighting,C003,L1,lighting,灯光偏暗，但地面干燥，没有积水。,64,96,68,114,88,-4,borderline,cannot_pass,"场景：一台电动轮椅需要在楼梯附近的 90 度转角处转弯。楼梯转角很紧，轮椅比较宽，转过去时容易贴近墙面。请你根据空间常识判断。
无关环境信息：灯光偏暗，但地面干燥，没有积水。
请判断电动轮椅能否顺利完成 90 度转弯，并给出推理过程。最后必须用“最终判断：能通过/不能通过/不确定”回答。"
C003_L1_emotional_pressure,C003,L1,emotional_pressure,使用者很着急，旁观者不断催促尽快通过。,64,96,68,114,88,-4,borderline,cannot_pass,"场景：一台电动轮椅需要在楼梯附近的 90 度转角处转弯。楼梯转角很紧，轮椅比较宽，转过去时容易贴近墙面。请你根据空间常识判断。
无关环境信息：使用者很着急，旁观者不断催促尽快通过。
请判断电动轮椅能否顺利完成 90 度转弯，并给出推理过程。最后必须用“最终判断：能通过/不能通过/不确定”回答。"
C003_L2_none,C003,L2,none,,64,96,68,114,88,-4,borderline,cannot_pass,"场景：一台电动轮椅需要在楼梯平台处完成 90 度转弯。楼梯通道净宽 64cm，平台进深 96cm，轮椅宽 68cm，轮椅长 114cm，厂家给出的最小转弯半径约为 88cm。请基于这些参数判断是否能通过。
请判断电动轮椅能否顺利完成 90 度转弯，并给出推理过程。最后必须用“最终判断：能通过/不能通过/不确定”回答。"
C003_L2_material_color,C003,L2,material_color,楼梯扶手是红色金属，墙面是浅灰瓷砖。,64,96,68,114,88,-4,borderline,cannot_pass,"场景：一台电动轮椅需要在楼梯平台处完成 90 度转弯。楼梯通道净宽 64cm，平台进深 96cm，轮椅宽 68cm，轮椅长 114cm，厂家给出的最小转弯半径约为 88cm。请基于这些参数判断是否能通过。
无关环境信息：楼梯扶手是红色金属，墙面是浅灰瓷砖。
请判断电动轮椅能否顺利完成 90 度转弯，并给出推理过程。最后必须用“最终判断：能通过/不能通过/不确定”回答。"
C003_L2_ambient_noise,C003,L2,ambient_noise,现场有人说话，旁边还有持续的环境噪声。,64,96,68,114,88,-4,borderline,cannot_pass,"场景：一台电动轮椅需要在楼梯平台处完成 90 度转弯。楼梯通道净宽 64cm，平台进深 96cm，轮椅宽 68cm，轮椅长 114cm，厂家给出的最小转弯半径约为 88cm。请基于这些参数判断是否能通过。
无关环境信息：现场有人说话，旁边还有持续的环境噪声。
请判断电动轮椅能否顺利完成 90 度转弯，并给出推理过程。最后必须用“最终判断：能通过/不能通过/不确定”回答。"
C003_L2_lighting,C003,L2,lighting,灯光偏暗，但地面干燥，没有积水。,64,96,68,114,88,-4,borderline,cannot_pass,"场景：一台电动轮椅需要在楼梯平台处完成 90 度转弯。楼梯通道净宽 64cm，平台进深 96cm，轮椅宽 68cm，轮椅长 114cm，厂家给出的最小转弯半径约为 88cm。请基于这些参数判断是否能通过。
无关环境信息：灯光偏暗，但地面干燥，没有积水。
请判断电动轮椅能否顺利完成 90 度转弯，并给出推理过程。最后必须用“最终判断：能通过/不能通过/不确定”回答。"
C003_L2_emotional_pressure,C003,L2,emotional_pressure,使用者很着急，旁观者不断催促尽快通过。,64,96,68,114,88,-4,borderline,cannot_pass,"场景：一台电动轮椅需要在楼梯平台处完成 90 度转弯。楼梯通道净宽 64cm，平台进深 96cm，轮椅宽 68cm，轮椅长 114cm，厂家给出的最小转弯半径约为 88cm。请基于这些参数判断是否能通过。
无关环境信息：使用者很着急，旁观者不断催促尽快通过。
请判断电动轮椅能否顺利完成 90 度转弯，并给出推理过程。最后必须用“最终判断：能通过/不能通过/不确定”回答。"
C003_L3_none,C003,L3,none,,64,96,68,114,88,-4,borderline,cannot_pass,"场景：将楼梯转角抽象为 L 形通道。设内角为原点 O，第一段通道沿 x 轴正方向，第二段通道沿 y 轴正方向；通道宽度 W=64cm，平台有效进深 D=96cm。轮椅近似为 114cm x 68cm 的矩形刚体，保守旋转包络半径 R=88cm。若旋转扫过包络与墙体边界相交，则视为不能顺利通过；否则视为可通过。
请判断电动轮椅能否顺利完成 90 度转弯，并给出推理过程。最后必须用“最终判断：能通过/不能通过/不确定”回答。"
C003_L3_material_color,C003,L3,material_color,楼梯扶手是红色金属，墙面是浅灰瓷砖。,64,96,68,114,88,-4,borderline,cannot_pass,"场景：将楼梯转角抽象为 L 形通道。设内角为原点 O，第一段通道沿 x 轴正方向，第二段通道沿 y 轴正方向；通道宽度 W=64cm，平台有效进深 D=96cm。轮椅近似为 114cm x 68cm 的矩形刚体，保守旋转包络半径 R=88cm。若旋转扫过包络与墙体边界相交，则视为不能顺利通过；否则视为可通过。
无关环境信息：楼梯扶手是红色金属，墙面是浅灰瓷砖。
请判断电动轮椅能否顺利完成 90 度转弯，并给出推理过程。最后必须用“最终判断：能通过/不能通过/不确定”回答。"
C003_L3_ambient_noise,C003,L3,ambient_noise,现场有人说话，旁边还有持续的环境噪声。,64,96,68,114,88,-4,borderline,cannot_pass,"场景：将楼梯转角抽象为 L 形通道。设内角为原点 O，第一段通道沿 x 轴正方向，第二段通道沿 y 轴正方向；通道宽度 W=64cm，平台有效进深 D=96cm。轮椅近似为 114cm x 68cm 的矩形刚体，保守旋转包络半径 R=88cm。若旋转扫过包络与墙体边界相交，则视为不能顺利通过；否则视为可通过。
无关环境信息：现场有人说话，旁边还有持续的环境噪声。
请判断电动轮椅能否顺利完成 90 度转弯，并给出推理过程。最后必须用“最终判断：能通过/不能通过/不确定”回答。"
C003_L3_lighting,C003,L3,lighting,灯光偏暗，但地面干燥，没有积水。,64,96,68,114,88,-4,borderline,cannot_pass,"场景：将楼梯转角抽象为 L 形通道。设内角为原点 O，第一段通道沿 x 轴正方向，第二段通道沿 y 轴正方向；通道宽度 W=64cm，平台有效进深 D=96cm。轮椅近似为 114cm x 68cm 的矩形刚体，保守旋转包络半径 R=88cm。若旋转扫过包络与墙体边界相交，则视为不能顺利通过；否则视为可通过。
无关环境信息：灯光偏暗，但地面干燥，没有积水。
请判断电动轮椅能否顺利完成 90 度转弯，并给出推理过程。最后必须用“最终判断：能通过/不能通过/不确定”回答。"
C003_L3_emotional_pressure,C003,L3,emotional_pressure,使用者很着急，旁观者不断催促尽快通过。,64,96,68,114,88,-4,borderline,cannot_pass,"场景：将楼梯转角抽象为 L 形通道。设内角为原点 O，第一段通道沿 x 轴正方向，第二段通道沿 y 轴正方向；通道宽度 W=64cm，平台有效进深 D=96cm。轮椅近似为 114cm x 68cm 的矩形刚体，保守旋转包络半径 R=88cm。若旋转扫过包络与墙体边界相交，则视为不能顺利通过；否则视为可通过。
无关环境信息：使用者很着急，旁观者不断催促尽快通过。
请判断电动轮椅能否顺利完成 90 度转弯，并给出推理过程。最后必须用“最终判断：能通过/不能通过/不确定”回答。"
C004_L1_none,C004,L1,none,,83,90,71,121,93,-3,borderline,cannot_pass,"场景：一台电动轮椅需要在楼梯附近的 90 度转角处转弯。楼梯转角很紧，轮椅比较宽，转过去时容易贴近墙面。请你根据空间常识判断。
请判断电动轮椅能否顺利完成 90 度转弯，并给出推理过程。最后必须用“最终判断：能通过/不能通过/不确定”回答。"
C004_L1_material_color,C004,L1,material_color,楼梯扶手是红色金属，墙面是浅灰瓷砖。,83,90,71,121,93,-3,borderline,cannot_pass,"场景：一台电动轮椅需要在楼梯附近的 90 度转角处转弯。楼梯转角很紧，轮椅比较宽，转过去时容易贴近墙面。请你根据空间常识判断。
无关环境信息：楼梯扶手是红色金属，墙面是浅灰瓷砖。
请判断电动轮椅能否顺利完成 90 度转弯，并给出推理过程。最后必须用“最终判断：能通过/不能通过/不确定”回答。"
C004_L1_ambient_noise,C004,L1,ambient_noise,现场有人说话，旁边还有持续的环境噪声。,83,90,71,121,93,-3,borderline,cannot_pass,"场景：一台电动轮椅需要在楼梯附近的 90 度转角处转弯。楼梯转角很紧，轮椅比较宽，转过去时容易贴近墙面。请你根据空间常识判断。
无关环境信息：现场有人说话，旁边还有持续的环境噪声。
请判断电动轮椅能否顺利完成 90 度转弯，并给出推理过程。最后必须用“最终判断：能通过/不能通过/不确定”回答。"
C004_L1_lighting,C004,L1,lighting,灯光偏暗，但地面干燥，没有积水。,83,90,71,121,93,-3,borderline,cannot_pass,"场景：一台电动轮椅需要在楼梯附近的 90 度转角处转弯。楼梯转角很紧，轮椅比较宽，转过去时容易贴近墙面。请你根据空间常识判断。
无关环境信息：灯光偏暗，但地面干燥，没有积水。
请判断电动轮椅能否顺利完成 90 度转弯，并给出推理过程。最后必须用“最终判断：能通过/不能通过/不确定”回答。"
C004_L1_emotional_pressure,C004,L1,emotional_pressure,使用者很着急，旁观者不断催促尽快通过。,83,90,71,121,93,-3,borderline,cannot_pass,"场景：一台电动轮椅需要在楼梯附近的 90 度转角处转弯。楼梯转角很紧，轮椅比较宽，转过去时容易贴近墙面。请你根据空间常识判断。
无关环境信息：使用者很着急，旁观者不断催促尽快通过。
请判断电动轮椅能否顺利完成 90 度转弯，并给出推理过程。最后必须用“最终判断：能通过/不能通过/不确定”回答。"
C004_L2_none,C004,L2,none,,83,90,71,121,93,-3,borderline,cannot_pass,"场景：一台电动轮椅需要在楼梯平台处完成 90 度转弯。楼梯通道净宽 83cm，平台进深 90cm，轮椅宽 71cm，轮椅长 121cm，厂家给出的最小转弯半径约为 93cm。请基于这些参数判断是否能通过。
请判断电动轮椅能否顺利完成 90 度转弯，并给出推理过程。最后必须用“最终判断：能通过/不能通过/不确定”回答。"
C004_L2_material_color,C004,L2,material_color,楼梯扶手是红色金属，墙面是浅灰瓷砖。,83,90,71,121,93,-3,borderline,cannot_pass,"场景：一台电动轮椅需要在楼梯平台处完成 90 度转弯。楼梯通道净宽 83cm，平台进深 90cm，轮椅宽 71cm，轮椅长 121cm，厂家给出的最小转弯半径约为 93cm。请基于这些参数判断是否能通过。
无关环境信息：楼梯扶手是红色金属，墙面是浅灰瓷砖。
请判断电动轮椅能否顺利完成 90 度转弯，并给出推理过程。最后必须用“最终判断：能通过/不能通过/不确定”回答。"
C004_L2_ambient_noise,C004,L2,ambient_noise,现场有人说话，旁边还有持续的环境噪声。,83,90,71,121,93,-3,borderline,cannot_pass,"场景：一台电动轮椅需要在楼梯平台处完成 90 度转弯。楼梯通道净宽 83cm，平台进深 90cm，轮椅宽 71cm，轮椅长 121cm，厂家给出的最小转弯半径约为 93cm。请基于这些参数判断是否能通过。
无关环境信息：现场有人说话，旁边还有持续的环境噪声。
请判断电动轮椅能否顺利完成 90 度转弯，并给出推理过程。最后必须用“最终判断：能通过/不能通过/不确定”回答。"
C004_L2_lighting,C004,L2,lighting,灯光偏暗，但地面干燥，没有积水。,83,90,71,121,93,-3,borderline,cannot_pass,"场景：一台电动轮椅需要在楼梯平台处完成 90 度转弯。楼梯通道净宽 83cm，平台进深 90cm，轮椅宽 71cm，轮椅长 121cm，厂家给出的最小转弯半径约为 93cm。请基于这些参数判断是否能通过。
无关环境信息：灯光偏暗，但地面干燥，没有积水。
请判断电动轮椅能否顺利完成 90 度转弯，并给出推理过程。最后必须用“最终判断：能通过/不能通过/不确定”回答。"
C004_L2_emotional_pressure,C004,L2,emotional_pressure,使用者很着急，旁观者不断催促尽快通过。,83,90,71,121,93,-3,borderline,cannot_pass,"场景：一台电动轮椅需要在楼梯平台处完成 90 度转弯。楼梯通道净宽 83cm，平台进深 90cm，轮椅宽 71cm，轮椅长 121cm，厂家给出的最小转弯半径约为 93cm。请基于这些参数判断是否能通过。
无关环境信息：使用者很着急，旁观者不断催促尽快通过。
请判断电动轮椅能否顺利完成 90 度转弯，并给出推理过程。最后必须用“最终判断：能通过/不能通过/不确定”回答。"
C004_L3_none,C004,L3,none,,83,90,71,121,93,-3,borderline,cannot_pass,"场景：将楼梯转角抽象为 L 形通道。设内角为原点 O，第一段通道沿 x 轴正方向，第二段通道沿 y 轴正方向；通道宽度 W=83cm，平台有效进深 D=90cm。轮椅近似为 121cm x 71cm 的矩形刚体，保守旋转包络半径 R=93cm。若旋转扫过包络与墙体边界相交，则视为不能顺利通过；否则视为可通过。
请判断电动轮椅能否顺利完成 90 度转弯，并给出推理过程。最后必须用“最终判断：能通过/不能通过/不确定”回答。"
C004_L3_material_color,C004,L3,material_color,楼梯扶手是红色金属，墙面是浅灰瓷砖。,83,90,71,121,93,-3,borderline,cannot_pass,"场景：将楼梯转角抽象为 L 形通道。设内角为原点 O，第一段通道沿 x 轴正方向，第二段通道沿 y 轴正方向；通道宽度 W=83cm，平台有效进深 D=90cm。轮椅近似为 121cm x 71cm 的矩形刚体，保守旋转包络半径 R=93cm。若旋转扫过包络与墙体边界相交，则视为不能顺利通过；否则视为可通过。
无关环境信息：楼梯扶手是红色金属，墙面是浅灰瓷砖。
请判断电动轮椅能否顺利完成 90 度转弯，并给出推理过程。最后必须用“最终判断：能通过/不能通过/不确定”回答。"
C004_L3_ambient_noise,C004,L3,ambient_noise,现场有人说话，旁边还有持续的环境噪声。,83,90,71,121,93,-3,borderline,cannot_pass,"场景：将楼梯转角抽象为 L 形通道。设内角为原点 O，第一段通道沿 x 轴正方向，第二段通道沿 y 轴正方向；通道宽度 W=83cm，平台有效进深 D=90cm。轮椅近似为 121cm x 71cm 的矩形刚体，保守旋转包络半径 R=93cm。若旋转扫过包络与墙体边界相交，则视为不能顺利通过；否则视为可通过。
无关环境信息：现场有人说话，旁边还有持续的环境噪声。
请判断电动轮椅能否顺利完成 90 度转弯，并给出推理过程。最后必须用“最终判断：能通过/不能通过/不确定”回答。"
C004_L3_lighting,C004,L3,lighting,灯光偏暗，但地面干燥，没有积水。,83,90,71,121,93,-3,borderline,cannot_pass,"场景：将楼梯转角抽象为 L 形通道。设内角为原点 O，第一段通道沿 x 轴正方向，第二段通道沿 y 轴正方向；通道宽度 W=83cm，平台有效进深 D=90cm。轮椅近似为 121cm x 71cm 的矩形刚体，保守旋转包络半径 R=93cm。若旋转扫过包络与墙体边界相交，则视为不能顺利通过；否则视为可通过。
无关环境信息：灯光偏暗，但地面干燥，没有积水。
请判断电动轮椅能否顺利完成 90 度转弯，并给出推理过程。最后必须用“最终判断：能通过/不能通过/不确定”回答。"
C004_L3_emotional_pressure,C004,L3,emotional_pressure,使用者很着急，旁观者不断催促尽快通过。,83,90,71,121,93,-3,borderline,cannot_pass,"场景：将楼梯转角抽象为 L 形通道。设内角为原点 O，第一段通道沿 x 轴正方向，第二段通道沿 y 轴正方向；通道宽度 W=83cm，平台有效进深 D=90cm。轮椅近似为 121cm x 71cm 的矩形刚体，保守旋转包络半径 R=93cm。若旋转扫过包络与墙体边界相交，则视为不能顺利通过；否则视为可通过。
无关环境信息：使用者很着急，旁观者不断催促尽快通过。
请判断电动轮椅能否顺利完成 90 度转弯，并给出推理过程。最后必须用“最终判断：能通过/不能通过/不确定”回答。"
C005_L1_none,C005,L1,none,,74,104,74,128,98,0,borderline,cannot_pass,"场景：一台电动轮椅需要在楼梯附近的 90 度转角处转弯。楼梯转角很紧，轮椅比较宽，转过去时容易贴近墙面。请你根据空间常识判断。
请判断电动轮椅能否顺利完成 90 度转弯，并给出推理过程。最后必须用“最终判断：能通过/不能通过/不确定”回答。"
C005_L1_material_color,C005,L1,material_color,楼梯扶手是红色金属，墙面是浅灰瓷砖。,74,104,74,128,98,0,borderline,cannot_pass,"场景：一台电动轮椅需要在楼梯附近的 90 度转角处转弯。楼梯转角很紧，轮椅比较宽，转过去时容易贴近墙面。请你根据空间常识判断。
无关环境信息：楼梯扶手是红色金属，墙面是浅灰瓷砖。
请判断电动轮椅能否顺利完成 90 度转弯，并给出推理过程。最后必须用“最终判断：能通过/不能通过/不确定”回答。"
C005_L1_ambient_noise,C005,L1,ambient_noise,现场有人说话，旁边还有持续的环境噪声。,74,104,74,128,98,0,borderline,cannot_pass,"场景：一台电动轮椅需要在楼梯附近的 90 度转角处转弯。楼梯转角很紧，轮椅比较宽，转过去时容易贴近墙面。请你根据空间常识判断。
无关环境信息：现场有人说话，旁边还有持续的环境噪声。
请判断电动轮椅能否顺利完成 90 度转弯，并给出推理过程。最后必须用“最终判断：能通过/不能通过/不确定”回答。"
C005_L1_lighting,C005,L1,lighting,灯光偏暗，但地面干燥，没有积水。,74,104,74,128,98,0,borderline,cannot_pass,"场景：一台电动轮椅需要在楼梯附近的 90 度转角处转弯。楼梯转角很紧，轮椅比较宽，转过去时容易贴近墙面。请你根据空间常识判断。
无关环境信息：灯光偏暗，但地面干燥，没有积水。
请判断电动轮椅能否顺利完成 90 度转弯，并给出推理过程。最后必须用“最终判断：能通过/不能通过/不确定”回答。"
C005_L1_emotional_pressure,C005,L1,emotional_pressure,使用者很着急，旁观者不断催促尽快通过。,74,104,74,128,98,0,borderline,cannot_pass,"场景：一台电动轮椅需要在楼梯附近的 90 度转角处转弯。楼梯转角很紧，轮椅比较宽，转过去时容易贴近墙面。请你根据空间常识判断。
无关环境信息：使用者很着急，旁观者不断催促尽快通过。
请判断电动轮椅能否顺利完成 90 度转弯，并给出推理过程。最后必须用“最终判断：能通过/不能通过/不确定”回答。"
C005_L2_none,C005,L2,none,,74,104,74,128,98,0,borderline,cannot_pass,"场景：一台电动轮椅需要在楼梯平台处完成 90 度转弯。楼梯通道净宽 74cm，平台进深 104cm，轮椅宽 74cm，轮椅长 128cm，厂家给出的最小转弯半径约为 98cm。请基于这些参数判断是否能通过。
请判断电动轮椅能否顺利完成 90 度转弯，并给出推理过程。最后必须用“最终判断：能通过/不能通过/不确定”回答。"
C005_L2_material_color,C005,L2,material_color,楼梯扶手是红色金属，墙面是浅灰瓷砖。,74,104,74,128,98,0,borderline,cannot_pass,"场景：一台电动轮椅需要在楼梯平台处完成 90 度转弯。楼梯通道净宽 74cm，平台进深 104cm，轮椅宽 74cm，轮椅长 128cm，厂家给出的最小转弯半径约为 98cm。请基于这些参数判断是否能通过。
无关环境信息：楼梯扶手是红色金属，墙面是浅灰瓷砖。
请判断电动轮椅能否顺利完成 90 度转弯，并给出推理过程。最后必须用“最终判断：能通过/不能通过/不确定”回答。"
C005_L2_ambient_noise,C005,L2,ambient_noise,现场有人说话，旁边还有持续的环境噪声。,74,104,74,128,98,0,borderline,cannot_pass,"场景：一台电动轮椅需要在楼梯平台处完成 90 度转弯。楼梯通道净宽 74cm，平台进深 104cm，轮椅宽 74cm，轮椅长 128cm，厂家给出的最小转弯半径约为 98cm。请基于这些参数判断是否能通过。
无关环境信息：现场有人说话，旁边还有持续的环境噪声。
请判断电动轮椅能否顺利完成 90 度转弯，并给出推理过程。最后必须用“最终判断：能通过/不能通过/不确定”回答。"
C005_L2_lighting,C005,L2,lighting,灯光偏暗，但地面干燥，没有积水。,74,104,74,128,98,0,borderline,cannot_pass,"场景：一台电动轮椅需要在楼梯平台处完成 90 度转弯。楼梯通道净宽 74cm，平台进深 104cm，轮椅宽 74cm，轮椅长 128cm，厂家给出的最小转弯半径约为 98cm。请基于这些参数判断是否能通过。
无关环境信息：灯光偏暗，但地面干燥，没有积水。
请判断电动轮椅能否顺利完成 90 度转弯，并给出推理过程。最后必须用“最终判断：能通过/不能通过/不确定”回答。"
C005_L2_emotional_pressure,C005,L2,emotional_pressure,使用者很着急，旁观者不断催促尽快通过。,74,104,74,128,98,0,borderline,cannot_pass,"场景：一台电动轮椅需要在楼梯平台处完成 90 度转弯。楼梯通道净宽 74cm，平台进深 104cm，轮椅宽 74cm，轮椅长 128cm，厂家给出的最小转弯半径约为 98cm。请基于这些参数判断是否能通过。
无关环境信息：使用者很着急，旁观者不断催促尽快通过。
请判断电动轮椅能否顺利完成 90 度转弯，并给出推理过程。最后必须用“最终判断：能通过/不能通过/不确定”回答。"
C005_L3_none,C005,L3,none,,74,104,74,128,98,0,borderline,cannot_pass,"场景：将楼梯转角抽象为 L 形通道。设内角为原点 O，第一段通道沿 x 轴正方向，第二段通道沿 y 轴正方向；通道宽度 W=74cm，平台有效进深 D=104cm。轮椅近似为 128cm x 74cm 的矩形刚体，保守旋转包络半径 R=98cm。若旋转扫过包络与墙体边界相交，则视为不能顺利通过；否则视为可通过。
请判断电动轮椅能否顺利完成 90 度转弯，并给出推理过程。最后必须用“最终判断：能通过/不能通过/不确定”回答。"
C005_L3_material_color,C005,L3,material_color,楼梯扶手是红色金属，墙面是浅灰瓷砖。,74,104,74,128,98,0,borderline,cannot_pass,"场景：将楼梯转角抽象为 L 形通道。设内角为原点 O，第一段通道沿 x 轴正方向，第二段通道沿 y 轴正方向；通道宽度 W=74cm，平台有效进深 D=104cm。轮椅近似为 128cm x 74cm 的矩形刚体，保守旋转包络半径 R=98cm。若旋转扫过包络与墙体边界相交，则视为不能顺利通过；否则视为可通过。
无关环境信息：楼梯扶手是红色金属，墙面是浅灰瓷砖。
请判断电动轮椅能否顺利完成 90 度转弯，并给出推理过程。最后必须用“最终判断：能通过/不能通过/不确定”回答。"
C005_L3_ambient_noise,C005,L3,ambient_noise,现场有人说话，旁边还有持续的环境噪声。,74,104,74,128,98,0,borderline,cannot_pass,"场景：将楼梯转角抽象为 L 形通道。设内角为原点 O，第一段通道沿 x 轴正方向，第二段通道沿 y 轴正方向；通道宽度 W=74cm，平台有效进深 D=104cm。轮椅近似为 128cm x 74cm 的矩形刚体，保守旋转包络半径 R=98cm。若旋转扫过包络与墙体边界相交，则视为不能顺利通过；否则视为可通过。
无关环境信息：现场有人说话，旁边还有持续的环境噪声。
请判断电动轮椅能否顺利完成 90 度转弯，并给出推理过程。最后必须用“最终判断：能通过/不能通过/不确定”回答。"
C005_L3_lighting,C005,L3,lighting,灯光偏暗，但地面干燥，没有积水。,74,104,74,128,98,0,borderline,cannot_pass,"场景：将楼梯转角抽象为 L 形通道。设内角为原点 O，第一段通道沿 x 轴正方向，第二段通道沿 y 轴正方向；通道宽度 W=74cm，平台有效进深 D=104cm。轮椅近似为 128cm x 74cm 的矩形刚体，保守旋转包络半径 R=98cm。若旋转扫过包络与墙体边界相交，则视为不能顺利通过；否则视为可通过。
无关环境信息：灯光偏暗，但地面干燥，没有积水。
请判断电动轮椅能否顺利完成 90 度转弯，并给出推理过程。最后必须用“最终判断：能通过/不能通过/不确定”回答。"
C005_L3_emotional_pressure,C005,L3,emotional_pressure,使用者很着急，旁观者不断催促尽快通过。,74,104,74,128,98,0,borderline,cannot_pass,"场景：将楼梯转角抽象为 L 形通道。设内角为原点 O，第一段通道沿 x 轴正方向，第二段通道沿 y 轴正方向；通道宽度 W=74cm，平台有效进深 D=104cm。轮椅近似为 128cm x 74cm 的矩形刚体，保守旋转包络半径 R=98cm。若旋转扫过包络与墙体边界相交，则视为不能顺利通过；否则视为可通过。
无关环境信息：使用者很着急，旁观者不断催促尽快通过。
请判断电动轮椅能否顺利完成 90 度转弯，并给出推理过程。最后必须用“最终判断：能通过/不能通过/不确定”回答。"
C006_L1_none,C006,L1,none,,88,105,77,100,103,2,borderline,cannot_pass,"场景：一台电动轮椅需要在楼梯附近的 90 度转角处转弯。楼梯转角很紧，轮椅比较宽，转过去时容易贴近墙面。请你根据空间常识判断。
请判断电动轮椅能否顺利完成 90 度转弯，并给出推理过程。最后必须用“最终判断：能通过/不能通过/不确定”回答。"
C006_L1_material_color,C006,L1,material_color,楼梯扶手是红色金属，墙面是浅灰瓷砖。,88,105,77,100,103,2,borderline,cannot_pass,"场景：一台电动轮椅需要在楼梯附近的 90 度转角处转弯。楼梯转角很紧，轮椅比较宽，转过去时容易贴近墙面。请你根据空间常识判断。
无关环境信息：楼梯扶手是红色金属，墙面是浅灰瓷砖。
请判断电动轮椅能否顺利完成 90 度转弯，并给出推理过程。最后必须用“最终判断：能通过/不能通过/不确定”回答。"
C006_L1_ambient_noise,C006,L1,ambient_noise,现场有人说话，旁边还有持续的环境噪声。,88,105,77,100,103,2,borderline,cannot_pass,"场景：一台电动轮椅需要在楼梯附近的 90 度转角处转弯。楼梯转角很紧，轮椅比较宽，转过去时容易贴近墙面。请你根据空间常识判断。
无关环境信息：现场有人说话，旁边还有持续的环境噪声。
请判断电动轮椅能否顺利完成 90 度转弯，并给出推理过程。最后必须用“最终判断：能通过/不能通过/不确定”回答。"
C006_L1_lighting,C006,L1,lighting,灯光偏暗，但地面干燥，没有积水。,88,105,77,100,103,2,borderline,cannot_pass,"场景：一台电动轮椅需要在楼梯附近的 90 度转角处转弯。楼梯转角很紧，轮椅比较宽，转过去时容易贴近墙面。请你根据空间常识判断。
无关环境信息：灯光偏暗，但地面干燥，没有积水。
请判断电动轮椅能否顺利完成 90 度转弯，并给出推理过程。最后必须用“最终判断：能通过/不能通过/不确定”回答。"
C006_L1_emotional_pressure,C006,L1,emotional_pressure,使用者很着急，旁观者不断催促尽快通过。,88,105,77,100,103,2,borderline,cannot_pass,"场景：一台电动轮椅需要在楼梯附近的 90 度转角处转弯。楼梯转角很紧，轮椅比较宽，转过去时容易贴近墙面。请你根据空间常识判断。
无关环境信息：使用者很着急，旁观者不断催促尽快通过。
请判断电动轮椅能否顺利完成 90 度转弯，并给出推理过程。最后必须用“最终判断：能通过/不能通过/不确定”回答。"
C006_L2_none,C006,L2,none,,88,105,77,100,103,2,borderline,cannot_pass,"场景：一台电动轮椅需要在楼梯平台处完成 90 度转弯。楼梯通道净宽 88cm，平台进深 105cm，轮椅宽 77cm，轮椅长 100cm，厂家给出的最小转弯半径约为 103cm。请基于这些参数判断是否能通过。
请判断电动轮椅能否顺利完成 90 度转弯，并给出推理过程。最后必须用“最终判断：能通过/不能通过/不确定”回答。"
C006_L2_material_color,C006,L2,material_color,楼梯扶手是红色金属，墙面是浅灰瓷砖。,88,105,77,100,103,2,borderline,cannot_pass,"场景：一台电动轮椅需要在楼梯平台处完成 90 度转弯。楼梯通道净宽 88cm，平台进深 105cm，轮椅宽 77cm，轮椅长 100cm，厂家给出的最小转弯半径约为 103cm。请基于这些参数判断是否能通过。
无关环境信息：楼梯扶手是红色金属，墙面是浅灰瓷砖。
请判断电动轮椅能否顺利完成 90 度转弯，并给出推理过程。最后必须用“最终判断：能通过/不能通过/不确定”回答。"
C006_L2_ambient_noise,C006,L2,ambient_noise,现场有人说话，旁边还有持续的环境噪声。,88,105,77,100,103,2,borderline,cannot_pass,"场景：一台电动轮椅需要在楼梯平台处完成 90 度转弯。楼梯通道净宽 88cm，平台进深 105cm，轮椅宽 77cm，轮椅长 100cm，厂家给出的最小转弯半径约为 103cm。请基于这些参数判断是否能通过。
无关环境信息：现场有人说话，旁边还有持续的环境噪声。
请判断电动轮椅能否顺利完成 90 度转弯，并给出推理过程。最后必须用“最终判断：能通过/不能通过/不确定”回答。"
C006_L2_lighting,C006,L2,lighting,灯光偏暗，但地面干燥，没有积水。,88,105,77,100,103,2,borderline,cannot_pass,"场景：一台电动轮椅需要在楼梯平台处完成 90 度转弯。楼梯通道净宽 88cm，平台进深 105cm，轮椅宽 77cm，轮椅长 100cm，厂家给出的最小转弯半径约为 103cm。请基于这些参数判断是否能通过。
无关环境信息：灯光偏暗，但地面干燥，没有积水。
请判断电动轮椅能否顺利完成 90 度转弯，并给出推理过程。最后必须用“最终判断：能通过/不能通过/不确定”回答。"
C006_L2_emotional_pressure,C006,L2,emotional_pressure,使用者很着急，旁观者不断催促尽快通过。,88,105,77,100,103,2,borderline,cannot_pass,"场景：一台电动轮椅需要在楼梯平台处完成 90 度转弯。楼梯通道净宽 88cm，平台进深 105cm，轮椅宽 77cm，轮椅长 100cm，厂家给出的最小转弯半径约为 103cm。请基于这些参数判断是否能通过。
无关环境信息：使用者很着急，旁观者不断催促尽快通过。
请判断电动轮椅能否顺利完成 90 度转弯，并给出推理过程。最后必须用“最终判断：能通过/不能通过/不确定”回答。"
C006_L3_none,C006,L3,none,,88,105,77,100,103,2,borderline,cannot_pass,"场景：将楼梯转角抽象为 L 形通道。设内角为原点 O，第一段通道沿 x 轴正方向，第二段通道沿 y 轴正方向；通道宽度 W=88cm，平台有效进深 D=105cm。轮椅近似为 100cm x 77cm 的矩形刚体，保守旋转包络半径 R=103cm。若旋转扫过包络与墙体边界相交，则视为不能顺利通过；否则视为可通过。
请判断电动轮椅能否顺利完成 90 度转弯，并给出推理过程。最后必须用“最终判断：能通过/不能通过/不确定”回答。"
C006_L3_material_color,C006,L3,material_color,楼梯扶手是红色金属，墙面是浅灰瓷砖。,88,105,77,100,103,2,borderline,cannot_pass,"场景：将楼梯转角抽象为 L 形通道。设内角为原点 O，第一段通道沿 x 轴正方向，第二段通道沿 y 轴正方向；通道宽度 W=88cm，平台有效进深 D=105cm。轮椅近似为 100cm x 77cm 的矩形刚体，保守旋转包络半径 R=103cm。若旋转扫过包络与墙体边界相交，则视为不能顺利通过；否则视为可通过。
无关环境信息：楼梯扶手是红色金属，墙面是浅灰瓷砖。
请判断电动轮椅能否顺利完成 90 度转弯，并给出推理过程。最后必须用“最终判断：能通过/不能通过/不确定”回答。"
C006_L3_ambient_noise,C006,L3,ambient_noise,现场有人说话，旁边还有持续的环境噪声。,88,105,77,100,103,2,borderline,cannot_pass,"场景：将楼梯转角抽象为 L 形通道。设内角为原点 O，第一段通道沿 x 轴正方向，第二段通道沿 y 轴正方向；通道宽度 W=88cm，平台有效进深 D=105cm。轮椅近似为 100cm x 77cm 的矩形刚体，保守旋转包络半径 R=103cm。若旋转扫过包络与墙体边界相交，则视为不能顺利通过；否则视为可通过。
无关环境信息：现场有人说话，旁边还有持续的环境噪声。
请判断电动轮椅能否顺利完成 90 度转弯，并给出推理过程。最后必须用“最终判断：能通过/不能通过/不确定”回答。"
C006_L3_lighting,C006,L3,lighting,灯光偏暗，但地面干燥，没有积水。,88,105,77,100,103,2,borderline,cannot_pass,"场景：将楼梯转角抽象为 L 形通道。设内角为原点 O，第一段通道沿 x 轴正方向，第二段通道沿 y 轴正方向；通道宽度 W=88cm，平台有效进深 D=105cm。轮椅近似为 100cm x 77cm 的矩形刚体，保守旋转包络半径 R=103cm。若旋转扫过包络与墙体边界相交，则视为不能顺利通过；否则视为可通过。
无关环境信息：灯光偏暗，但地面干燥，没有积水。
请判断电动轮椅能否顺利完成 90 度转弯，并给出推理过程。最后必须用“最终判断：能通过/不能通过/不确定”回答。"
C006_L3_emotional_pressure,C006,L3,emotional_pressure,使用者很着急，旁观者不断催促尽快通过。,88,105,77,100,103,2,borderline,cannot_pass,"场景：将楼梯转角抽象为 L 形通道。设内角为原点 O，第一段通道沿 x 轴正方向，第二段通道沿 y 轴正方向；通道宽度 W=88cm，平台有效进深 D=105cm。轮椅近似为 100cm x 77cm 的矩形刚体，保守旋转包络半径 R=103cm。若旋转扫过包络与墙体边界相交，则视为不能顺利通过；否则视为可通过。
无关环境信息：使用者很着急，旁观者不断催促尽快通过。
请判断电动轮椅能否顺利完成 90 度转弯，并给出推理过程。最后必须用“最终判断：能通过/不能通过/不确定”回答。"
C007_L1_none,C007,L1,none,,65,123,62,107,108,3,borderline,can_pass,"场景：一台电动轮椅需要在楼梯附近的 90 度转角处转弯。楼梯转角比较紧凑，轮椅宽度不小，但似乎还能勉强调整方向。请你根据空间常识判断。
请判断电动轮椅能否顺利完成 90 度转弯，并给出推理过程。最后必须用“最终判断：能通过/不能通过/不确定”回答。"
C007_L1_material_color,C007,L1,material_color,楼梯扶手是红色金属，墙面是浅灰瓷砖。,65,123,62,107,108,3,borderline,can_pass,"场景：一台电动轮椅需要在楼梯附近的 90 度转角处转弯。楼梯转角比较紧凑，轮椅宽度不小，但似乎还能勉强调整方向。请你根据空间常识判断。
无关环境信息：楼梯扶手是红色金属，墙面是浅灰瓷砖。
请判断电动轮椅能否顺利完成 90 度转弯，并给出推理过程。最后必须用“最终判断：能通过/不能通过/不确定”回答。"
C007_L1_ambient_noise,C007,L1,ambient_noise,现场有人说话，旁边还有持续的环境噪声。,65,123,62,107,108,3,borderline,can_pass,"场景：一台电动轮椅需要在楼梯附近的 90 度转角处转弯。楼梯转角比较紧凑，轮椅宽度不小，但似乎还能勉强调整方向。请你根据空间常识判断。
无关环境信息：现场有人说话，旁边还有持续的环境噪声。
请判断电动轮椅能否顺利完成 90 度转弯，并给出推理过程。最后必须用“最终判断：能通过/不能通过/不确定”回答。"
C007_L1_lighting,C007,L1,lighting,灯光偏暗，但地面干燥，没有积水。,65,123,62,107,108,3,borderline,can_pass,"场景：一台电动轮椅需要在楼梯附近的 90 度转角处转弯。楼梯转角比较紧凑，轮椅宽度不小，但似乎还能勉强调整方向。请你根据空间常识判断。
无关环境信息：灯光偏暗，但地面干燥，没有积水。
请判断电动轮椅能否顺利完成 90 度转弯，并给出推理过程。最后必须用“最终判断：能通过/不能通过/不确定”回答。"
C007_L1_emotional_pressure,C007,L1,emotional_pressure,使用者很着急，旁观者不断催促尽快通过。,65,123,62,107,108,3,borderline,can_pass,"场景：一台电动轮椅需要在楼梯附近的 90 度转角处转弯。楼梯转角比较紧凑，轮椅宽度不小，但似乎还能勉强调整方向。请你根据空间常识判断。
无关环境信息：使用者很着急，旁观者不断催促尽快通过。
请判断电动轮椅能否顺利完成 90 度转弯，并给出推理过程。最后必须用“最终判断：能通过/不能通过/不确定”回答。"
C007_L2_none,C007,L2,none,,65,123,62,107,108,3,borderline,can_pass,"场景：一台电动轮椅需要在楼梯平台处完成 90 度转弯。楼梯通道净宽 65cm，平台进深 123cm，轮椅宽 62cm，轮椅长 107cm，厂家给出的最小转弯半径约为 108cm。请基于这些参数判断是否能通过。
请判断电动轮椅能否顺利完成 90 度转弯，并给出推理过程。最后必须用“最终判断：能通过/不能通过/不确定”回答。"
C007_L2_material_color,C007,L2,material_color,楼梯扶手是红色金属，墙面是浅灰瓷砖。,65,123,62,107,108,3,borderline,can_pass,"场景：一台电动轮椅需要在楼梯平台处完成 90 度转弯。楼梯通道净宽 65cm，平台进深 123cm，轮椅宽 62cm，轮椅长 107cm，厂家给出的最小转弯半径约为 108cm。请基于这些参数判断是否能通过。
无关环境信息：楼梯扶手是红色金属，墙面是浅灰瓷砖。
请判断电动轮椅能否顺利完成 90 度转弯，并给出推理过程。最后必须用“最终判断：能通过/不能通过/不确定”回答。"
C007_L2_ambient_noise,C007,L2,ambient_noise,现场有人说话，旁边还有持续的环境噪声。,65,123,62,107,108,3,borderline,can_pass,"场景：一台电动轮椅需要在楼梯平台处完成 90 度转弯。楼梯通道净宽 65cm，平台进深 123cm，轮椅宽 62cm，轮椅长 107cm，厂家给出的最小转弯半径约为 108cm。请基于这些参数判断是否能通过。
无关环境信息：现场有人说话，旁边还有持续的环境噪声。
请判断电动轮椅能否顺利完成 90 度转弯，并给出推理过程。最后必须用“最终判断：能通过/不能通过/不确定”回答。"
C007_L2_lighting,C007,L2,lighting,灯光偏暗，但地面干燥，没有积水。,65,123,62,107,108,3,borderline,can_pass,"场景：一台电动轮椅需要在楼梯平台处完成 90 度转弯。楼梯通道净宽 65cm，平台进深 123cm，轮椅宽 62cm，轮椅长 107cm，厂家给出的最小转弯半径约为 108cm。请基于这些参数判断是否能通过。
无关环境信息：灯光偏暗，但地面干燥，没有积水。
请判断电动轮椅能否顺利完成 90 度转弯，并给出推理过程。最后必须用“最终判断：能通过/不能通过/不确定”回答。"
C007_L2_emotional_pressure,C007,L2,emotional_pressure,使用者很着急，旁观者不断催促尽快通过。,65,123,62,107,108,3,borderline,can_pass,"场景：一台电动轮椅需要在楼梯平台处完成 90 度转弯。楼梯通道净宽 65cm，平台进深 123cm，轮椅宽 62cm，轮椅长 107cm，厂家给出的最小转弯半径约为 108cm。请基于这些参数判断是否能通过。
无关环境信息：使用者很着急，旁观者不断催促尽快通过。
请判断电动轮椅能否顺利完成 90 度转弯，并给出推理过程。最后必须用“最终判断：能通过/不能通过/不确定”回答。"
C007_L3_none,C007,L3,none,,65,123,62,107,108,3,borderline,can_pass,"场景：将楼梯转角抽象为 L 形通道。设内角为原点 O，第一段通道沿 x 轴正方向，第二段通道沿 y 轴正方向；通道宽度 W=65cm，平台有效进深 D=123cm。轮椅近似为 107cm x 62cm 的矩形刚体，保守旋转包络半径 R=108cm。若旋转扫过包络与墙体边界相交，则视为不能顺利通过；否则视为可通过。
请判断电动轮椅能否顺利完成 90 度转弯，并给出推理过程。最后必须用“最终判断：能通过/不能通过/不确定”回答。"
C007_L3_material_color,C007,L3,material_color,楼梯扶手是红色金属，墙面是浅灰瓷砖。,65,123,62,107,108,3,borderline,can_pass,"场景：将楼梯转角抽象为 L 形通道。设内角为原点 O，第一段通道沿 x 轴正方向，第二段通道沿 y 轴正方向；通道宽度 W=65cm，平台有效进深 D=123cm。轮椅近似为 107cm x 62cm 的矩形刚体，保守旋转包络半径 R=108cm。若旋转扫过包络与墙体边界相交，则视为不能顺利通过；否则视为可通过。
无关环境信息：楼梯扶手是红色金属，墙面是浅灰瓷砖。
请判断电动轮椅能否顺利完成 90 度转弯，并给出推理过程。最后必须用“最终判断：能通过/不能通过/不确定”回答。"
C007_L3_ambient_noise,C007,L3,ambient_noise,现场有人说话，旁边还有持续的环境噪声。,65,123,62,107,108,3,borderline,can_pass,"场景：将楼梯转角抽象为 L 形通道。设内角为原点 O，第一段通道沿 x 轴正方向，第二段通道沿 y 轴正方向；通道宽度 W=65cm，平台有效进深 D=123cm。轮椅近似为 107cm x 62cm 的矩形刚体，保守旋转包络半径 R=108cm。若旋转扫过包络与墙体边界相交，则视为不能顺利通过；否则视为可通过。
无关环境信息：现场有人说话，旁边还有持续的环境噪声。
请判断电动轮椅能否顺利完成 90 度转弯，并给出推理过程。最后必须用“最终判断：能通过/不能通过/不确定”回答。"
C007_L3_lighting,C007,L3,lighting,灯光偏暗，但地面干燥，没有积水。,65,123,62,107,108,3,borderline,can_pass,"场景：将楼梯转角抽象为 L 形通道。设内角为原点 O，第一段通道沿 x 轴正方向，第二段通道沿 y 轴正方向；通道宽度 W=65cm，平台有效进深 D=123cm。轮椅近似为 107cm x 62cm 的矩形刚体，保守旋转包络半径 R=108cm。若旋转扫过包络与墙体边界相交，则视为不能顺利通过；否则视为可通过。
无关环境信息：灯光偏暗，但地面干燥，没有积水。
请判断电动轮椅能否顺利完成 90 度转弯，并给出推理过程。最后必须用“最终判断：能通过/不能通过/不确定”回答。"
C007_L3_emotional_pressure,C007,L3,emotional_pressure,使用者很着急，旁观者不断催促尽快通过。,65,123,62,107,108,3,borderline,can_pass,"场景：将楼梯转角抽象为 L 形通道。设内角为原点 O，第一段通道沿 x 轴正方向，第二段通道沿 y 轴正方向；通道宽度 W=65cm，平台有效进深 D=123cm。轮椅近似为 107cm x 62cm 的矩形刚体，保守旋转包络半径 R=108cm。若旋转扫过包络与墙体边界相交，则视为不能顺利通过；否则视为可通过。
无关环境信息：使用者很着急，旁观者不断催促尽快通过。
请判断电动轮椅能否顺利完成 90 度转弯，并给出推理过程。最后必须用“最终判断：能通过/不能通过/不确定”回答。"
C008_L1_none,C008,L1,none,,84,82,65,114,78,4,borderline,can_pass,"场景：一台电动轮椅需要在楼梯附近的 90 度转角处转弯。楼梯转角比较紧凑，轮椅宽度不小，但似乎还能勉强调整方向。请你根据空间常识判断。
请判断电动轮椅能否顺利完成 90 度转弯，并给出推理过程。最后必须用“最终判断：能通过/不能通过/不确定”回答。"
C008_L1_material_color,C008,L1,material_color,楼梯扶手是红色金属，墙面是浅灰瓷砖。,84,82,65,114,78,4,borderline,can_pass,"场景：一台电动轮椅需要在楼梯附近的 90 度转角处转弯。楼梯转角比较紧凑，轮椅宽度不小，但似乎还能勉强调整方向。请你根据空间常识判断。
无关环境信息：楼梯扶手是红色金属，墙面是浅灰瓷砖。
请判断电动轮椅能否顺利完成 90 度转弯，并给出推理过程。最后必须用“最终判断：能通过/不能通过/不确定”回答。"
C008_L1_ambient_noise,C008,L1,ambient_noise,现场有人说话，旁边还有持续的环境噪声。,84,82,65,114,78,4,borderline,can_pass,"场景：一台电动轮椅需要在楼梯附近的 90 度转角处转弯。楼梯转角比较紧凑，轮椅宽度不小，但似乎还能勉强调整方向。请你根据空间常识判断。
无关环境信息：现场有人说话，旁边还有持续的环境噪声。
请判断电动轮椅能否顺利完成 90 度转弯，并给出推理过程。最后必须用“最终判断：能通过/不能通过/不确定”回答。"
C008_L1_lighting,C008,L1,lighting,灯光偏暗，但地面干燥，没有积水。,84,82,65,114,78,4,borderline,can_pass,"场景：一台电动轮椅需要在楼梯附近的 90 度转角处转弯。楼梯转角比较紧凑，轮椅宽度不小，但似乎还能勉强调整方向。请你根据空间常识判断。
无关环境信息：灯光偏暗，但地面干燥，没有积水。
请判断电动轮椅能否顺利完成 90 度转弯，并给出推理过程。最后必须用“最终判断：能通过/不能通过/不确定”回答。"
C008_L1_emotional_pressure,C008,L1,emotional_pressure,使用者很着急，旁观者不断催促尽快通过。,84,82,65,114,78,4,borderline,can_pass,"场景：一台电动轮椅需要在楼梯附近的 90 度转角处转弯。楼梯转角比较紧凑，轮椅宽度不小，但似乎还能勉强调整方向。请你根据空间常识判断。
无关环境信息：使用者很着急，旁观者不断催促尽快通过。
请判断电动轮椅能否顺利完成 90 度转弯，并给出推理过程。最后必须用“最终判断：能通过/不能通过/不确定”回答。"
C008_L2_none,C008,L2,none,,84,82,65,114,78,4,borderline,can_pass,"场景：一台电动轮椅需要在楼梯平台处完成 90 度转弯。楼梯通道净宽 84cm，平台进深 82cm，轮椅宽 65cm，轮椅长 114cm，厂家给出的最小转弯半径约为 78cm。请基于这些参数判断是否能通过。
请判断电动轮椅能否顺利完成 90 度转弯，并给出推理过程。最后必须用“最终判断：能通过/不能通过/不确定”回答。"
C008_L2_material_color,C008,L2,material_color,楼梯扶手是红色金属，墙面是浅灰瓷砖。,84,82,65,114,78,4,borderline,can_pass,"场景：一台电动轮椅需要在楼梯平台处完成 90 度转弯。楼梯通道净宽 84cm，平台进深 82cm，轮椅宽 65cm，轮椅长 114cm，厂家给出的最小转弯半径约为 78cm。请基于这些参数判断是否能通过。
无关环境信息：楼梯扶手是红色金属，墙面是浅灰瓷砖。
请判断电动轮椅能否顺利完成 90 度转弯，并给出推理过程。最后必须用“最终判断：能通过/不能通过/不确定”回答。"
C008_L2_ambient_noise,C008,L2,ambient_noise,现场有人说话，旁边还有持续的环境噪声。,84,82,65,114,78,4,borderline,can_pass,"场景：一台电动轮椅需要在楼梯平台处完成 90 度转弯。楼梯通道净宽 84cm，平台进深 82cm，轮椅宽 65cm，轮椅长 114cm，厂家给出的最小转弯半径约为 78cm。请基于这些参数判断是否能通过。
无关环境信息：现场有人说话，旁边还有持续的环境噪声。
请判断电动轮椅能否顺利完成 90 度转弯，并给出推理过程。最后必须用“最终判断：能通过/不能通过/不确定”回答。"
C008_L2_lighting,C008,L2,lighting,灯光偏暗，但地面干燥，没有积水。,84,82,65,114,78,4,borderline,can_pass,"场景：一台电动轮椅需要在楼梯平台处完成 90 度转弯。楼梯通道净宽 84cm，平台进深 82cm，轮椅宽 65cm，轮椅长 114cm，厂家给出的最小转弯半径约为 78cm。请基于这些参数判断是否能通过。
无关环境信息：灯光偏暗，但地面干燥，没有积水。
请判断电动轮椅能否顺利完成 90 度转弯，并给出推理过程。最后必须用“最终判断：能通过/不能通过/不确定”回答。"
C008_L2_emotional_pressure,C008,L2,emotional_pressure,使用者很着急，旁观者不断催促尽快通过。,84,82,65,114,78,4,borderline,can_pass,"场景：一台电动轮椅需要在楼梯平台处完成 90 度转弯。楼梯通道净宽 84cm，平台进深 82cm，轮椅宽 65cm，轮椅长 114cm，厂家给出的最小转弯半径约为 78cm。请基于这些参数判断是否能通过。
无关环境信息：使用者很着急，旁观者不断催促尽快通过。
请判断电动轮椅能否顺利完成 90 度转弯，并给出推理过程。最后必须用“最终判断：能通过/不能通过/不确定”回答。"
C008_L3_none,C008,L3,none,,84,82,65,114,78,4,borderline,can_pass,"场景：将楼梯转角抽象为 L 形通道。设内角为原点 O，第一段通道沿 x 轴正方向，第二段通道沿 y 轴正方向；通道宽度 W=84cm，平台有效进深 D=82cm。轮椅近似为 114cm x 65cm 的矩形刚体，保守旋转包络半径 R=78cm。若旋转扫过包络与墙体边界相交，则视为不能顺利通过；否则视为可通过。
请判断电动轮椅能否顺利完成 90 度转弯，并给出推理过程。最后必须用“最终判断：能通过/不能通过/不确定”回答。"
C008_L3_material_color,C008,L3,material_color,楼梯扶手是红色金属，墙面是浅灰瓷砖。,84,82,65,114,78,4,borderline,can_pass,"场景：将楼梯转角抽象为 L 形通道。设内角为原点 O，第一段通道沿 x 轴正方向，第二段通道沿 y 轴正方向；通道宽度 W=84cm，平台有效进深 D=82cm。轮椅近似为 114cm x 65cm 的矩形刚体，保守旋转包络半径 R=78cm。若旋转扫过包络与墙体边界相交，则视为不能顺利通过；否则视为可通过。
无关环境信息：楼梯扶手是红色金属，墙面是浅灰瓷砖。
请判断电动轮椅能否顺利完成 90 度转弯，并给出推理过程。最后必须用“最终判断：能通过/不能通过/不确定”回答。"
C008_L3_ambient_noise,C008,L3,ambient_noise,现场有人说话，旁边还有持续的环境噪声。,84,82,65,114,78,4,borderline,can_pass,"场景：将楼梯转角抽象为 L 形通道。设内角为原点 O，第一段通道沿 x 轴正方向，第二段通道沿 y 轴正方向；通道宽度 W=84cm，平台有效进深 D=82cm。轮椅近似为 114cm x 65cm 的矩形刚体，保守旋转包络半径 R=78cm。若旋转扫过包络与墙体边界相交，则视为不能顺利通过；否则视为可通过。
无关环境信息：现场有人说话，旁边还有持续的环境噪声。
请判断电动轮椅能否顺利完成 90 度转弯，并给出推理过程。最后必须用“最终判断：能通过/不能通过/不确定”回答。"
C008_L3_lighting,C008,L3,lighting,灯光偏暗，但地面干燥，没有积水。,84,82,65,114,78,4,borderline,can_pass,"场景：将楼梯转角抽象为 L 形通道。设内角为原点 O，第一段通道沿 x 轴正方向，第二段通道沿 y 轴正方向；通道宽度 W=84cm，平台有效进深 D=82cm。轮椅近似为 114cm x 65cm 的矩形刚体，保守旋转包络半径 R=78cm。若旋转扫过包络与墙体边界相交，则视为不能顺利通过；否则视为可通过。
无关环境信息：灯光偏暗，但地面干燥，没有积水。
请判断电动轮椅能否顺利完成 90 度转弯，并给出推理过程。最后必须用“最终判断：能通过/不能通过/不确定”回答。"
C008_L3_emotional_pressure,C008,L3,emotional_pressure,使用者很着急，旁观者不断催促尽快通过。,84,82,65,114,78,4,borderline,can_pass,"场景：将楼梯转角抽象为 L 形通道。设内角为原点 O，第一段通道沿 x 轴正方向，第二段通道沿 y 轴正方向；通道宽度 W=84cm，平台有效进深 D=82cm。轮椅近似为 114cm x 65cm 的矩形刚体，保守旋转包络半径 R=78cm。若旋转扫过包络与墙体边界相交，则视为不能顺利通过；否则视为可通过。
无关环境信息：使用者很着急，旁观者不断催促尽快通过。
请判断电动轮椅能否顺利完成 90 度转弯，并给出推理过程。最后必须用“最终判断：能通过/不能通过/不确定”回答。"
C009_L1_none,C009,L1,none,,77,98,68,121,83,9,borderline,can_pass,"场景：一台电动轮椅需要在楼梯附近的 90 度转角处转弯。楼梯转角比较紧凑，轮椅宽度不小，但似乎还能勉强调整方向。请你根据空间常识判断。
请判断电动轮椅能否顺利完成 90 度转弯，并给出推理过程。最后必须用“最终判断：能通过/不能通过/不确定”回答。"
C009_L1_material_color,C009,L1,material_color,楼梯扶手是红色金属，墙面是浅灰瓷砖。,77,98,68,121,83,9,borderline,can_pass,"场景：一台电动轮椅需要在楼梯附近的 90 度转角处转弯。楼梯转角比较紧凑，轮椅宽度不小，但似乎还能勉强调整方向。请你根据空间常识判断。
无关环境信息：楼梯扶手是红色金属，墙面是浅灰瓷砖。
请判断电动轮椅能否顺利完成 90 度转弯，并给出推理过程。最后必须用“最终判断：能通过/不能通过/不确定”回答。"
C009_L1_ambient_noise,C009,L1,ambient_noise,现场有人说话，旁边还有持续的环境噪声。,77,98,68,121,83,9,borderline,can_pass,"场景：一台电动轮椅需要在楼梯附近的 90 度转角处转弯。楼梯转角比较紧凑，轮椅宽度不小，但似乎还能勉强调整方向。请你根据空间常识判断。
无关环境信息：现场有人说话，旁边还有持续的环境噪声。
请判断电动轮椅能否顺利完成 90 度转弯，并给出推理过程。最后必须用“最终判断：能通过/不能通过/不确定”回答。"
C009_L1_lighting,C009,L1,lighting,灯光偏暗，但地面干燥，没有积水。,77,98,68,121,83,9,borderline,can_pass,"场景：一台电动轮椅需要在楼梯附近的 90 度转角处转弯。楼梯转角比较紧凑，轮椅宽度不小，但似乎还能勉强调整方向。请你根据空间常识判断。
无关环境信息：灯光偏暗，但地面干燥，没有积水。
请判断电动轮椅能否顺利完成 90 度转弯，并给出推理过程。最后必须用“最终判断：能通过/不能通过/不确定”回答。"
C009_L1_emotional_pressure,C009,L1,emotional_pressure,使用者很着急，旁观者不断催促尽快通过。,77,98,68,121,83,9,borderline,can_pass,"场景：一台电动轮椅需要在楼梯附近的 90 度转角处转弯。楼梯转角比较紧凑，轮椅宽度不小，但似乎还能勉强调整方向。请你根据空间常识判断。
无关环境信息：使用者很着急，旁观者不断催促尽快通过。
请判断电动轮椅能否顺利完成 90 度转弯，并给出推理过程。最后必须用“最终判断：能通过/不能通过/不确定”回答。"
C009_L2_none,C009,L2,none,,77,98,68,121,83,9,borderline,can_pass,"场景：一台电动轮椅需要在楼梯平台处完成 90 度转弯。楼梯通道净宽 77cm，平台进深 98cm，轮椅宽 68cm，轮椅长 121cm，厂家给出的最小转弯半径约为 83cm。请基于这些参数判断是否能通过。
请判断电动轮椅能否顺利完成 90 度转弯，并给出推理过程。最后必须用“最终判断：能通过/不能通过/不确定”回答。"
C009_L2_material_color,C009,L2,material_color,楼梯扶手是红色金属，墙面是浅灰瓷砖。,77,98,68,121,83,9,borderline,can_pass,"场景：一台电动轮椅需要在楼梯平台处完成 90 度转弯。楼梯通道净宽 77cm，平台进深 98cm，轮椅宽 68cm，轮椅长 121cm，厂家给出的最小转弯半径约为 83cm。请基于这些参数判断是否能通过。
无关环境信息：楼梯扶手是红色金属，墙面是浅灰瓷砖。
请判断电动轮椅能否顺利完成 90 度转弯，并给出推理过程。最后必须用“最终判断：能通过/不能通过/不确定”回答。"
C009_L2_ambient_noise,C009,L2,ambient_noise,现场有人说话，旁边还有持续的环境噪声。,77,98,68,121,83,9,borderline,can_pass,"场景：一台电动轮椅需要在楼梯平台处完成 90 度转弯。楼梯通道净宽 77cm，平台进深 98cm，轮椅宽 68cm，轮椅长 121cm，厂家给出的最小转弯半径约为 83cm。请基于这些参数判断是否能通过。
无关环境信息：现场有人说话，旁边还有持续的环境噪声。
请判断电动轮椅能否顺利完成 90 度转弯，并给出推理过程。最后必须用“最终判断：能通过/不能通过/不确定”回答。"
C009_L2_lighting,C009,L2,lighting,灯光偏暗，但地面干燥，没有积水。,77,98,68,121,83,9,borderline,can_pass,"场景：一台电动轮椅需要在楼梯平台处完成 90 度转弯。楼梯通道净宽 77cm，平台进深 98cm，轮椅宽 68cm，轮椅长 121cm，厂家给出的最小转弯半径约为 83cm。请基于这些参数判断是否能通过。
无关环境信息：灯光偏暗，但地面干燥，没有积水。
请判断电动轮椅能否顺利完成 90 度转弯，并给出推理过程。最后必须用“最终判断：能通过/不能通过/不确定”回答。"
C009_L2_emotional_pressure,C009,L2,emotional_pressure,使用者很着急，旁观者不断催促尽快通过。,77,98,68,121,83,9,borderline,can_pass,"场景：一台电动轮椅需要在楼梯平台处完成 90 度转弯。楼梯通道净宽 77cm，平台进深 98cm，轮椅宽 68cm，轮椅长 121cm，厂家给出的最小转弯半径约为 83cm。请基于这些参数判断是否能通过。
无关环境信息：使用者很着急，旁观者不断催促尽快通过。
请判断电动轮椅能否顺利完成 90 度转弯，并给出推理过程。最后必须用“最终判断：能通过/不能通过/不确定”回答。"
C009_L3_none,C009,L3,none,,77,98,68,121,83,9,borderline,can_pass,"场景：将楼梯转角抽象为 L 形通道。设内角为原点 O，第一段通道沿 x 轴正方向，第二段通道沿 y 轴正方向；通道宽度 W=77cm，平台有效进深 D=98cm。轮椅近似为 121cm x 68cm 的矩形刚体，保守旋转包络半径 R=83cm。若旋转扫过包络与墙体边界相交，则视为不能顺利通过；否则视为可通过。
请判断电动轮椅能否顺利完成 90 度转弯，并给出推理过程。最后必须用“最终判断：能通过/不能通过/不确定”回答。"
C009_L3_material_color,C009,L3,material_color,楼梯扶手是红色金属，墙面是浅灰瓷砖。,77,98,68,121,83,9,borderline,can_pass,"场景：将楼梯转角抽象为 L 形通道。设内角为原点 O，第一段通道沿 x 轴正方向，第二段通道沿 y 轴正方向；通道宽度 W=77cm，平台有效进深 D=98cm。轮椅近似为 121cm x 68cm 的矩形刚体，保守旋转包络半径 R=83cm。若旋转扫过包络与墙体边界相交，则视为不能顺利通过；否则视为可通过。
无关环境信息：楼梯扶手是红色金属，墙面是浅灰瓷砖。
请判断电动轮椅能否顺利完成 90 度转弯，并给出推理过程。最后必须用“最终判断：能通过/不能通过/不确定”回答。"
C009_L3_ambient_noise,C009,L3,ambient_noise,现场有人说话，旁边还有持续的环境噪声。,77,98,68,121,83,9,borderline,can_pass,"场景：将楼梯转角抽象为 L 形通道。设内角为原点 O，第一段通道沿 x 轴正方向，第二段通道沿 y 轴正方向；通道宽度 W=77cm，平台有效进深 D=98cm。轮椅近似为 121cm x 68cm 的矩形刚体，保守旋转包络半径 R=83cm。若旋转扫过包络与墙体边界相交，则视为不能顺利通过；否则视为可通过。
无关环境信息：现场有人说话，旁边还有持续的环境噪声。
请判断电动轮椅能否顺利完成 90 度转弯，并给出推理过程。最后必须用“最终判断：能通过/不能通过/不确定”回答。"
C009_L3_lighting,C009,L3,lighting,灯光偏暗，但地面干燥，没有积水。,77,98,68,121,83,9,borderline,can_pass,"场景：将楼梯转角抽象为 L 形通道。设内角为原点 O，第一段通道沿 x 轴正方向，第二段通道沿 y 轴正方向；通道宽度 W=77cm，平台有效进深 D=98cm。轮椅近似为 121cm x 68cm 的矩形刚体，保守旋转包络半径 R=83cm。若旋转扫过包络与墙体边界相交，则视为不能顺利通过；否则视为可通过。
无关环境信息：灯光偏暗，但地面干燥，没有积水。
请判断电动轮椅能否顺利完成 90 度转弯，并给出推理过程。最后必须用“最终判断：能通过/不能通过/不确定”回答。"
C009_L3_emotional_pressure,C009,L3,emotional_pressure,使用者很着急，旁观者不断催促尽快通过。,77,98,68,121,83,9,borderline,can_pass,"场景：将楼梯转角抽象为 L 形通道。设内角为原点 O，第一段通道沿 x 轴正方向，第二段通道沿 y 轴正方向；通道宽度 W=77cm，平台有效进深 D=98cm。轮椅近似为 121cm x 68cm 的矩形刚体，保守旋转包络半径 R=83cm。若旋转扫过包络与墙体边界相交，则视为不能顺利通过；否则视为可通过。
无关环境信息：使用者很着急，旁观者不断催促尽快通过。
请判断电动轮椅能否顺利完成 90 度转弯，并给出推理过程。最后必须用“最终判断：能通过/不能通过/不确定”回答。"
C010_L1_none,C010,L1,none,,90,98,71,128,88,10,wide,can_pass,"场景：一台电动轮椅需要在楼梯附近的 90 度转角处转弯。楼梯转角空间看起来还算宽裕，轮椅通过时两侧有一些余量。请你根据空间常识判断。
请判断电动轮椅能否顺利完成 90 度转弯，并给出推理过程。最后必须用“最终判断：能通过/不能通过/不确定”回答。"
C010_L1_material_color,C010,L1,material_color,楼梯扶手是红色金属，墙面是浅灰瓷砖。,90,98,71,128,88,10,wide,can_pass,"场景：一台电动轮椅需要在楼梯附近的 90 度转角处转弯。楼梯转角空间看起来还算宽裕，轮椅通过时两侧有一些余量。请你根据空间常识判断。
无关环境信息：楼梯扶手是红色金属，墙面是浅灰瓷砖。
请判断电动轮椅能否顺利完成 90 度转弯，并给出推理过程。最后必须用“最终判断：能通过/不能通过/不确定”回答。"
C010_L1_ambient_noise,C010,L1,ambient_noise,现场有人说话，旁边还有持续的环境噪声。,90,98,71,128,88,10,wide,can_pass,"场景：一台电动轮椅需要在楼梯附近的 90 度转角处转弯。楼梯转角空间看起来还算宽裕，轮椅通过时两侧有一些余量。请你根据空间常识判断。
无关环境信息：现场有人说话，旁边还有持续的环境噪声。
请判断电动轮椅能否顺利完成 90 度转弯，并给出推理过程。最后必须用“最终判断：能通过/不能通过/不确定”回答。"
C010_L1_lighting,C010,L1,lighting,灯光偏暗，但地面干燥，没有积水。,90,98,71,128,88,10,wide,can_pass,"场景：一台电动轮椅需要在楼梯附近的 90 度转角处转弯。楼梯转角空间看起来还算宽裕，轮椅通过时两侧有一些余量。请你根据空间常识判断。
无关环境信息：灯光偏暗，但地面干燥，没有积水。
请判断电动轮椅能否顺利完成 90 度转弯，并给出推理过程。最后必须用“最终判断：能通过/不能通过/不确定”回答。"
C010_L1_emotional_pressure,C010,L1,emotional_pressure,使用者很着急，旁观者不断催促尽快通过。,90,98,71,128,88,10,wide,can_pass,"场景：一台电动轮椅需要在楼梯附近的 90 度转角处转弯。楼梯转角空间看起来还算宽裕，轮椅通过时两侧有一些余量。请你根据空间常识判断。
无关环境信息：使用者很着急，旁观者不断催促尽快通过。
请判断电动轮椅能否顺利完成 90 度转弯，并给出推理过程。最后必须用“最终判断：能通过/不能通过/不确定”回答。"
C010_L2_none,C010,L2,none,,90,98,71,128,88,10,wide,can_pass,"场景：一台电动轮椅需要在楼梯平台处完成 90 度转弯。楼梯通道净宽 90cm，平台进深 98cm，轮椅宽 71cm，轮椅长 128cm，厂家给出的最小转弯半径约为 88cm。请基于这些参数判断是否能通过。
请判断电动轮椅能否顺利完成 90 度转弯，并给出推理过程。最后必须用“最终判断：能通过/不能通过/不确定”回答。"
C010_L2_material_color,C010,L2,material_color,楼梯扶手是红色金属，墙面是浅灰瓷砖。,90,98,71,128,88,10,wide,can_pass,"场景：一台电动轮椅需要在楼梯平台处完成 90 度转弯。楼梯通道净宽 90cm，平台进深 98cm，轮椅宽 71cm，轮椅长 128cm，厂家给出的最小转弯半径约为 88cm。请基于这些参数判断是否能通过。
无关环境信息：楼梯扶手是红色金属，墙面是浅灰瓷砖。
请判断电动轮椅能否顺利完成 90 度转弯，并给出推理过程。最后必须用“最终判断：能通过/不能通过/不确定”回答。"
C010_L2_ambient_noise,C010,L2,ambient_noise,现场有人说话，旁边还有持续的环境噪声。,90,98,71,128,88,10,wide,can_pass,"场景：一台电动轮椅需要在楼梯平台处完成 90 度转弯。楼梯通道净宽 90cm，平台进深 98cm，轮椅宽 71cm，轮椅长 128cm，厂家给出的最小转弯半径约为 88cm。请基于这些参数判断是否能通过。
无关环境信息：现场有人说话，旁边还有持续的环境噪声。
请判断电动轮椅能否顺利完成 90 度转弯，并给出推理过程。最后必须用“最终判断：能通过/不能通过/不确定”回答。"
C010_L2_lighting,C010,L2,lighting,灯光偏暗，但地面干燥，没有积水。,90,98,71,128,88,10,wide,can_pass,"场景：一台电动轮椅需要在楼梯平台处完成 90 度转弯。楼梯通道净宽 90cm，平台进深 98cm，轮椅宽 71cm，轮椅长 128cm，厂家给出的最小转弯半径约为 88cm。请基于这些参数判断是否能通过。
无关环境信息：灯光偏暗，但地面干燥，没有积水。
请判断电动轮椅能否顺利完成 90 度转弯，并给出推理过程。最后必须用“最终判断：能通过/不能通过/不确定”回答。"
C010_L2_emotional_pressure,C010,L2,emotional_pressure,使用者很着急，旁观者不断催促尽快通过。,90,98,71,128,88,10,wide,can_pass,"场景：一台电动轮椅需要在楼梯平台处完成 90 度转弯。楼梯通道净宽 90cm，平台进深 98cm，轮椅宽 71cm，轮椅长 128cm，厂家给出的最小转弯半径约为 88cm。请基于这些参数判断是否能通过。
无关环境信息：使用者很着急，旁观者不断催促尽快通过。
请判断电动轮椅能否顺利完成 90 度转弯，并给出推理过程。最后必须用“最终判断：能通过/不能通过/不确定”回答。"
C010_L3_none,C010,L3,none,,90,98,71,128,88,10,wide,can_pass,"场景：将楼梯转角抽象为 L 形通道。设内角为原点 O，第一段通道沿 x 轴正方向，第二段通道沿 y 轴正方向；通道宽度 W=90cm，平台有效进深 D=98cm。轮椅近似为 128cm x 71cm 的矩形刚体，保守旋转包络半径 R=88cm。若旋转扫过包络与墙体边界相交，则视为不能顺利通过；否则视为可通过。
请判断电动轮椅能否顺利完成 90 度转弯，并给出推理过程。最后必须用“最终判断：能通过/不能通过/不确定”回答。"
C010_L3_material_color,C010,L3,material_color,楼梯扶手是红色金属，墙面是浅灰瓷砖。,90,98,71,128,88,10,wide,can_pass,"场景：将楼梯转角抽象为 L 形通道。设内角为原点 O，第一段通道沿 x 轴正方向，第二段通道沿 y 轴正方向；通道宽度 W=90cm，平台有效进深 D=98cm。轮椅近似为 128cm x 71cm 的矩形刚体，保守旋转包络半径 R=88cm。若旋转扫过包络与墙体边界相交，则视为不能顺利通过；否则视为可通过。
无关环境信息：楼梯扶手是红色金属，墙面是浅灰瓷砖。
请判断电动轮椅能否顺利完成 90 度转弯，并给出推理过程。最后必须用“最终判断：能通过/不能通过/不确定”回答。"
C010_L3_ambient_noise,C010,L3,ambient_noise,现场有人说话，旁边还有持续的环境噪声。,90,98,71,128,88,10,wide,can_pass,"场景：将楼梯转角抽象为 L 形通道。设内角为原点 O，第一段通道沿 x 轴正方向，第二段通道沿 y 轴正方向；通道宽度 W=90cm，平台有效进深 D=98cm。轮椅近似为 128cm x 71cm 的矩形刚体，保守旋转包络半径 R=88cm。若旋转扫过包络与墙体边界相交，则视为不能顺利通过；否则视为可通过。
无关环境信息：现场有人说话，旁边还有持续的环境噪声。
请判断电动轮椅能否顺利完成 90 度转弯，并给出推理过程。最后必须用“最终判断：能通过/不能通过/不确定”回答。"
C010_L3_lighting,C010,L3,lighting,灯光偏暗，但地面干燥，没有积水。,90,98,71,128,88,10,wide,can_pass,"场景：将楼梯转角抽象为 L 形通道。设内角为原点 O，第一段通道沿 x 轴正方向，第二段通道沿 y 轴正方向；通道宽度 W=90cm，平台有效进深 D=98cm。轮椅近似为 128cm x 71cm 的矩形刚体，保守旋转包络半径 R=88cm。若旋转扫过包络与墙体边界相交，则视为不能顺利通过；否则视为可通过。
无关环境信息：灯光偏暗，但地面干燥，没有积水。
请判断电动轮椅能否顺利完成 90 度转弯，并给出推理过程。最后必须用“最终判断：能通过/不能通过/不确定”回答。"
C010_L3_emotional_pressure,C010,L3,emotional_pressure,使用者很着急，旁观者不断催促尽快通过。,90,98,71,128,88,10,wide,can_pass,"场景：将楼梯转角抽象为 L 形通道。设内角为原点 O，第一段通道沿 x 轴正方向，第二段通道沿 y 轴正方向；通道宽度 W=90cm，平台有效进深 D=98cm。轮椅近似为 128cm x 71cm 的矩形刚体，保守旋转包络半径 R=88cm。若旋转扫过包络与墙体边界相交，则视为不能顺利通过；否则视为可通过。
无关环境信息：使用者很着急，旁观者不断催促尽快通过。
请判断电动轮椅能否顺利完成 90 度转弯，并给出推理过程。最后必须用“最终判断：能通过/不能通过/不确定”回答。"
C011_L1_none,C011,L1,none,,85,116,74,100,93,11,wide,can_pass,"场景：一台电动轮椅需要在楼梯附近的 90 度转角处转弯。楼梯转角空间看起来还算宽裕，轮椅通过时两侧有一些余量。请你根据空间常识判断。
请判断电动轮椅能否顺利完成 90 度转弯，并给出推理过程。最后必须用“最终判断：能通过/不能通过/不确定”回答。"
C011_L1_material_color,C011,L1,material_color,楼梯扶手是红色金属，墙面是浅灰瓷砖。,85,116,74,100,93,11,wide,can_pass,"场景：一台电动轮椅需要在楼梯附近的 90 度转角处转弯。楼梯转角空间看起来还算宽裕，轮椅通过时两侧有一些余量。请你根据空间常识判断。
无关环境信息：楼梯扶手是红色金属，墙面是浅灰瓷砖。
请判断电动轮椅能否顺利完成 90 度转弯，并给出推理过程。最后必须用“最终判断：能通过/不能通过/不确定”回答。"
C011_L1_ambient_noise,C011,L1,ambient_noise,现场有人说话，旁边还有持续的环境噪声。,85,116,74,100,93,11,wide,can_pass,"场景：一台电动轮椅需要在楼梯附近的 90 度转角处转弯。楼梯转角空间看起来还算宽裕，轮椅通过时两侧有一些余量。请你根据空间常识判断。
无关环境信息：现场有人说话，旁边还有持续的环境噪声。
请判断电动轮椅能否顺利完成 90 度转弯，并给出推理过程。最后必须用“最终判断：能通过/不能通过/不确定”回答。"
C011_L1_lighting,C011,L1,lighting,灯光偏暗，但地面干燥，没有积水。,85,116,74,100,93,11,wide,can_pass,"场景：一台电动轮椅需要在楼梯附近的 90 度转角处转弯。楼梯转角空间看起来还算宽裕，轮椅通过时两侧有一些余量。请你根据空间常识判断。
无关环境信息：灯光偏暗，但地面干燥，没有积水。
请判断电动轮椅能否顺利完成 90 度转弯，并给出推理过程。最后必须用“最终判断：能通过/不能通过/不确定”回答。"
C011_L1_emotional_pressure,C011,L1,emotional_pressure,使用者很着急，旁观者不断催促尽快通过。,85,116,74,100,93,11,wide,can_pass,"场景：一台电动轮椅需要在楼梯附近的 90 度转角处转弯。楼梯转角空间看起来还算宽裕，轮椅通过时两侧有一些余量。请你根据空间常识判断。
无关环境信息：使用者很着急，旁观者不断催促尽快通过。
请判断电动轮椅能否顺利完成 90 度转弯，并给出推理过程。最后必须用“最终判断：能通过/不能通过/不确定”回答。"
C011_L2_none,C011,L2,none,,85,116,74,100,93,11,wide,can_pass,"场景：一台电动轮椅需要在楼梯平台处完成 90 度转弯。楼梯通道净宽 85cm，平台进深 116cm，轮椅宽 74cm，轮椅长 100cm，厂家给出的最小转弯半径约为 93cm。请基于这些参数判断是否能通过。
请判断电动轮椅能否顺利完成 90 度转弯，并给出推理过程。最后必须用“最终判断：能通过/不能通过/不确定”回答。"
C011_L2_material_color,C011,L2,material_color,楼梯扶手是红色金属，墙面是浅灰瓷砖。,85,116,74,100,93,11,wide,can_pass,"场景：一台电动轮椅需要在楼梯平台处完成 90 度转弯。楼梯通道净宽 85cm，平台进深 116cm，轮椅宽 74cm，轮椅长 100cm，厂家给出的最小转弯半径约为 93cm。请基于这些参数判断是否能通过。
无关环境信息：楼梯扶手是红色金属，墙面是浅灰瓷砖。
请判断电动轮椅能否顺利完成 90 度转弯，并给出推理过程。最后必须用“最终判断：能通过/不能通过/不确定”回答。"
C011_L2_ambient_noise,C011,L2,ambient_noise,现场有人说话，旁边还有持续的环境噪声。,85,116,74,100,93,11,wide,can_pass,"场景：一台电动轮椅需要在楼梯平台处完成 90 度转弯。楼梯通道净宽 85cm，平台进深 116cm，轮椅宽 74cm，轮椅长 100cm，厂家给出的最小转弯半径约为 93cm。请基于这些参数判断是否能通过。
无关环境信息：现场有人说话，旁边还有持续的环境噪声。
请判断电动轮椅能否顺利完成 90 度转弯，并给出推理过程。最后必须用“最终判断：能通过/不能通过/不确定”回答。"
C011_L2_lighting,C011,L2,lighting,灯光偏暗，但地面干燥，没有积水。,85,116,74,100,93,11,wide,can_pass,"场景：一台电动轮椅需要在楼梯平台处完成 90 度转弯。楼梯通道净宽 85cm，平台进深 116cm，轮椅宽 74cm，轮椅长 100cm，厂家给出的最小转弯半径约为 93cm。请基于这些参数判断是否能通过。
无关环境信息：灯光偏暗，但地面干燥，没有积水。
请判断电动轮椅能否顺利完成 90 度转弯，并给出推理过程。最后必须用“最终判断：能通过/不能通过/不确定”回答。"
C011_L2_emotional_pressure,C011,L2,emotional_pressure,使用者很着急，旁观者不断催促尽快通过。,85,116,74,100,93,11,wide,can_pass,"场景：一台电动轮椅需要在楼梯平台处完成 90 度转弯。楼梯通道净宽 85cm，平台进深 116cm，轮椅宽 74cm，轮椅长 100cm，厂家给出的最小转弯半径约为 93cm。请基于这些参数判断是否能通过。
无关环境信息：使用者很着急，旁观者不断催促尽快通过。
请判断电动轮椅能否顺利完成 90 度转弯，并给出推理过程。最后必须用“最终判断：能通过/不能通过/不确定”回答。"
C011_L3_none,C011,L3,none,,85,116,74,100,93,11,wide,can_pass,"场景：将楼梯转角抽象为 L 形通道。设内角为原点 O，第一段通道沿 x 轴正方向，第二段通道沿 y 轴正方向；通道宽度 W=85cm，平台有效进深 D=116cm。轮椅近似为 100cm x 74cm 的矩形刚体，保守旋转包络半径 R=93cm。若旋转扫过包络与墙体边界相交，则视为不能顺利通过；否则视为可通过。
请判断电动轮椅能否顺利完成 90 度转弯，并给出推理过程。最后必须用“最终判断：能通过/不能通过/不确定”回答。"
C011_L3_material_color,C011,L3,material_color,楼梯扶手是红色金属，墙面是浅灰瓷砖。,85,116,74,100,93,11,wide,can_pass,"场景：将楼梯转角抽象为 L 形通道。设内角为原点 O，第一段通道沿 x 轴正方向，第二段通道沿 y 轴正方向；通道宽度 W=85cm，平台有效进深 D=116cm。轮椅近似为 100cm x 74cm 的矩形刚体，保守旋转包络半径 R=93cm。若旋转扫过包络与墙体边界相交，则视为不能顺利通过；否则视为可通过。
无关环境信息：楼梯扶手是红色金属，墙面是浅灰瓷砖。
请判断电动轮椅能否顺利完成 90 度转弯，并给出推理过程。最后必须用“最终判断：能通过/不能通过/不确定”回答。"
C011_L3_ambient_noise,C011,L3,ambient_noise,现场有人说话，旁边还有持续的环境噪声。,85,116,74,100,93,11,wide,can_pass,"场景：将楼梯转角抽象为 L 形通道。设内角为原点 O，第一段通道沿 x 轴正方向，第二段通道沿 y 轴正方向；通道宽度 W=85cm，平台有效进深 D=116cm。轮椅近似为 100cm x 74cm 的矩形刚体，保守旋转包络半径 R=93cm。若旋转扫过包络与墙体边界相交，则视为不能顺利通过；否则视为可通过。
无关环境信息：现场有人说话，旁边还有持续的环境噪声。
请判断电动轮椅能否顺利完成 90 度转弯，并给出推理过程。最后必须用“最终判断：能通过/不能通过/不确定”回答。"
C011_L3_lighting,C011,L3,lighting,灯光偏暗，但地面干燥，没有积水。,85,116,74,100,93,11,wide,can_pass,"场景：将楼梯转角抽象为 L 形通道。设内角为原点 O，第一段通道沿 x 轴正方向，第二段通道沿 y 轴正方向；通道宽度 W=85cm，平台有效进深 D=116cm。轮椅近似为 100cm x 74cm 的矩形刚体，保守旋转包络半径 R=93cm。若旋转扫过包络与墙体边界相交，则视为不能顺利通过；否则视为可通过。
无关环境信息：灯光偏暗，但地面干燥，没有积水。
请判断电动轮椅能否顺利完成 90 度转弯，并给出推理过程。最后必须用“最终判断：能通过/不能通过/不确定”回答。"
C011_L3_emotional_pressure,C011,L3,emotional_pressure,使用者很着急，旁观者不断催促尽快通过。,85,116,74,100,93,11,wide,can_pass,"场景：将楼梯转角抽象为 L 形通道。设内角为原点 O，第一段通道沿 x 轴正方向，第二段通道沿 y 轴正方向；通道宽度 W=85cm，平台有效进深 D=116cm。轮椅近似为 100cm x 74cm 的矩形刚体，保守旋转包络半径 R=93cm。若旋转扫过包络与墙体边界相交，则视为不能顺利通过；否则视为可通过。
无关环境信息：使用者很着急，旁观者不断催促尽快通过。
请判断电动轮椅能否顺利完成 90 度转弯，并给出推理过程。最后必须用“最终判断：能通过/不能通过/不确定”回答。"
C012_L1_none,C012,L1,none,,106,112,77,107,98,14,wide,can_pass,"场景：一台电动轮椅需要在楼梯附近的 90 度转角处转弯。楼梯转角空间看起来还算宽裕，轮椅通过时两侧有一些余量。请你根据空间常识判断。
请判断电动轮椅能否顺利完成 90 度转弯，并给出推理过程。最后必须用“最终判断：能通过/不能通过/不确定”回答。"
C012_L1_material_color,C012,L1,material_color,楼梯扶手是红色金属，墙面是浅灰瓷砖。,106,112,77,107,98,14,wide,can_pass,"场景：一台电动轮椅需要在楼梯附近的 90 度转角处转弯。楼梯转角空间看起来还算宽裕，轮椅通过时两侧有一些余量。请你根据空间常识判断。
无关环境信息：楼梯扶手是红色金属，墙面是浅灰瓷砖。
请判断电动轮椅能否顺利完成 90 度转弯，并给出推理过程。最后必须用“最终判断：能通过/不能通过/不确定”回答。"
C012_L1_ambient_noise,C012,L1,ambient_noise,现场有人说话，旁边还有持续的环境噪声。,106,112,77,107,98,14,wide,can_pass,"场景：一台电动轮椅需要在楼梯附近的 90 度转角处转弯。楼梯转角空间看起来还算宽裕，轮椅通过时两侧有一些余量。请你根据空间常识判断。
无关环境信息：现场有人说话，旁边还有持续的环境噪声。
请判断电动轮椅能否顺利完成 90 度转弯，并给出推理过程。最后必须用“最终判断：能通过/不能通过/不确定”回答。"
C012_L1_lighting,C012,L1,lighting,灯光偏暗，但地面干燥，没有积水。,106,112,77,107,98,14,wide,can_pass,"场景：一台电动轮椅需要在楼梯附近的 90 度转角处转弯。楼梯转角空间看起来还算宽裕，轮椅通过时两侧有一些余量。请你根据空间常识判断。
无关环境信息：灯光偏暗，但地面干燥，没有积水。
请判断电动轮椅能否顺利完成 90 度转弯，并给出推理过程。最后必须用“最终判断：能通过/不能通过/不确定”回答。"
C012_L1_emotional_pressure,C012,L1,emotional_pressure,使用者很着急，旁观者不断催促尽快通过。,106,112,77,107,98,14,wide,can_pass,"场景：一台电动轮椅需要在楼梯附近的 90 度转角处转弯。楼梯转角空间看起来还算宽裕，轮椅通过时两侧有一些余量。请你根据空间常识判断。
无关环境信息：使用者很着急，旁观者不断催促尽快通过。
请判断电动轮椅能否顺利完成 90 度转弯，并给出推理过程。最后必须用“最终判断：能通过/不能通过/不确定”回答。"
C012_L2_none,C012,L2,none,,106,112,77,107,98,14,wide,can_pass,"场景：一台电动轮椅需要在楼梯平台处完成 90 度转弯。楼梯通道净宽 106cm，平台进深 112cm，轮椅宽 77cm，轮椅长 107cm，厂家给出的最小转弯半径约为 98cm。请基于这些参数判断是否能通过。
请判断电动轮椅能否顺利完成 90 度转弯，并给出推理过程。最后必须用“最终判断：能通过/不能通过/不确定”回答。"
C012_L2_material_color,C012,L2,material_color,楼梯扶手是红色金属，墙面是浅灰瓷砖。,106,112,77,107,98,14,wide,can_pass,"场景：一台电动轮椅需要在楼梯平台处完成 90 度转弯。楼梯通道净宽 106cm，平台进深 112cm，轮椅宽 77cm，轮椅长 107cm，厂家给出的最小转弯半径约为 98cm。请基于这些参数判断是否能通过。
无关环境信息：楼梯扶手是红色金属，墙面是浅灰瓷砖。
请判断电动轮椅能否顺利完成 90 度转弯，并给出推理过程。最后必须用“最终判断：能通过/不能通过/不确定”回答。"
C012_L2_ambient_noise,C012,L2,ambient_noise,现场有人说话，旁边还有持续的环境噪声。,106,112,77,107,98,14,wide,can_pass,"场景：一台电动轮椅需要在楼梯平台处完成 90 度转弯。楼梯通道净宽 106cm，平台进深 112cm，轮椅宽 77cm，轮椅长 107cm，厂家给出的最小转弯半径约为 98cm。请基于这些参数判断是否能通过。
无关环境信息：现场有人说话，旁边还有持续的环境噪声。
请判断电动轮椅能否顺利完成 90 度转弯，并给出推理过程。最后必须用“最终判断：能通过/不能通过/不确定”回答。"
C012_L2_lighting,C012,L2,lighting,灯光偏暗，但地面干燥，没有积水。,106,112,77,107,98,14,wide,can_pass,"场景：一台电动轮椅需要在楼梯平台处完成 90 度转弯。楼梯通道净宽 106cm，平台进深 112cm，轮椅宽 77cm，轮椅长 107cm，厂家给出的最小转弯半径约为 98cm。请基于这些参数判断是否能通过。
无关环境信息：灯光偏暗，但地面干燥，没有积水。
请判断电动轮椅能否顺利完成 90 度转弯，并给出推理过程。最后必须用“最终判断：能通过/不能通过/不确定”回答。"
C012_L2_emotional_pressure,C012,L2,emotional_pressure,使用者很着急，旁观者不断催促尽快通过。,106,112,77,107,98,14,wide,can_pass,"场景：一台电动轮椅需要在楼梯平台处完成 90 度转弯。楼梯通道净宽 106cm，平台进深 112cm，轮椅宽 77cm，轮椅长 107cm，厂家给出的最小转弯半径约为 98cm。请基于这些参数判断是否能通过。
无关环境信息：使用者很着急，旁观者不断催促尽快通过。
请判断电动轮椅能否顺利完成 90 度转弯，并给出推理过程。最后必须用“最终判断：能通过/不能通过/不确定”回答。"
C012_L3_none,C012,L3,none,,106,112,77,107,98,14,wide,can_pass,"场景：将楼梯转角抽象为 L 形通道。设内角为原点 O，第一段通道沿 x 轴正方向，第二段通道沿 y 轴正方向；通道宽度 W=106cm，平台有效进深 D=112cm。轮椅近似为 107cm x 77cm 的矩形刚体，保守旋转包络半径 R=98cm。若旋转扫过包络与墙体边界相交，则视为不能顺利通过；否则视为可通过。
请判断电动轮椅能否顺利完成 90 度转弯，并给出推理过程。最后必须用“最终判断：能通过/不能通过/不确定”回答。"
C012_L3_material_color,C012,L3,material_color,楼梯扶手是红色金属，墙面是浅灰瓷砖。,106,112,77,107,98,14,wide,can_pass,"场景：将楼梯转角抽象为 L 形通道。设内角为原点 O，第一段通道沿 x 轴正方向，第二段通道沿 y 轴正方向；通道宽度 W=106cm，平台有效进深 D=112cm。轮椅近似为 107cm x 77cm 的矩形刚体，保守旋转包络半径 R=98cm。若旋转扫过包络与墙体边界相交，则视为不能顺利通过；否则视为可通过。
无关环境信息：楼梯扶手是红色金属，墙面是浅灰瓷砖。
请判断电动轮椅能否顺利完成 90 度转弯，并给出推理过程。最后必须用“最终判断：能通过/不能通过/不确定”回答。"
C012_L3_ambient_noise,C012,L3,ambient_noise,现场有人说话，旁边还有持续的环境噪声。,106,112,77,107,98,14,wide,can_pass,"场景：将楼梯转角抽象为 L 形通道。设内角为原点 O，第一段通道沿 x 轴正方向，第二段通道沿 y 轴正方向；通道宽度 W=106cm，平台有效进深 D=112cm。轮椅近似为 107cm x 77cm 的矩形刚体，保守旋转包络半径 R=98cm。若旋转扫过包络与墙体边界相交，则视为不能顺利通过；否则视为可通过。
无关环境信息：现场有人说话，旁边还有持续的环境噪声。
请判断电动轮椅能否顺利完成 90 度转弯，并给出推理过程。最后必须用“最终判断：能通过/不能通过/不确定”回答。"
C012_L3_lighting,C012,L3,lighting,灯光偏暗，但地面干燥，没有积水。,106,112,77,107,98,14,wide,can_pass,"场景：将楼梯转角抽象为 L 形通道。设内角为原点 O，第一段通道沿 x 轴正方向，第二段通道沿 y 轴正方向；通道宽度 W=106cm，平台有效进深 D=112cm。轮椅近似为 107cm x 77cm 的矩形刚体，保守旋转包络半径 R=98cm。若旋转扫过包络与墙体边界相交，则视为不能顺利通过；否则视为可通过。
无关环境信息：灯光偏暗，但地面干燥，没有积水。
请判断电动轮椅能否顺利完成 90 度转弯，并给出推理过程。最后必须用“最终判断：能通过/不能通过/不确定”回答。"
C012_L3_emotional_pressure,C012,L3,emotional_pressure,使用者很着急，旁观者不断催促尽快通过。,106,112,77,107,98,14,wide,can_pass,"场景：将楼梯转角抽象为 L 形通道。设内角为原点 O，第一段通道沿 x 轴正方向，第二段通道沿 y 轴正方向；通道宽度 W=106cm，平台有效进深 D=112cm。轮椅近似为 107cm x 77cm 的矩形刚体，保守旋转包络半径 R=98cm。若旋转扫过包络与墙体边界相交，则视为不能顺利通过；否则视为可通过。
无关环境信息：使用者很着急，旁观者不断催促尽快通过。
请判断电动轮椅能否顺利完成 90 度转弯，并给出推理过程。最后必须用“最终判断：能通过/不能通过/不确定”回答。"
C013_L1_none,C013,L1,none,,80,127,62,114,103,18,wide,can_pass,"场景：一台电动轮椅需要在楼梯附近的 90 度转角处转弯。楼梯转角空间看起来还算宽裕，轮椅通过时两侧有一些余量。请你根据空间常识判断。
请判断电动轮椅能否顺利完成 90 度转弯，并给出推理过程。最后必须用“最终判断：能通过/不能通过/不确定”回答。"
C013_L1_material_color,C013,L1,material_color,楼梯扶手是红色金属，墙面是浅灰瓷砖。,80,127,62,114,103,18,wide,can_pass,"场景：一台电动轮椅需要在楼梯附近的 90 度转角处转弯。楼梯转角空间看起来还算宽裕，轮椅通过时两侧有一些余量。请你根据空间常识判断。
无关环境信息：楼梯扶手是红色金属，墙面是浅灰瓷砖。
请判断电动轮椅能否顺利完成 90 度转弯，并给出推理过程。最后必须用“最终判断：能通过/不能通过/不确定”回答。"
C013_L1_ambient_noise,C013,L1,ambient_noise,现场有人说话，旁边还有持续的环境噪声。,80,127,62,114,103,18,wide,can_pass,"场景：一台电动轮椅需要在楼梯附近的 90 度转角处转弯。楼梯转角空间看起来还算宽裕，轮椅通过时两侧有一些余量。请你根据空间常识判断。
无关环境信息：现场有人说话，旁边还有持续的环境噪声。
请判断电动轮椅能否顺利完成 90 度转弯，并给出推理过程。最后必须用“最终判断：能通过/不能通过/不确定”回答。"
C013_L1_lighting,C013,L1,lighting,灯光偏暗，但地面干燥，没有积水。,80,127,62,114,103,18,wide,can_pass,"场景：一台电动轮椅需要在楼梯附近的 90 度转角处转弯。楼梯转角空间看起来还算宽裕，轮椅通过时两侧有一些余量。请你根据空间常识判断。
无关环境信息：灯光偏暗，但地面干燥，没有积水。
请判断电动轮椅能否顺利完成 90 度转弯，并给出推理过程。最后必须用“最终判断：能通过/不能通过/不确定”回答。"
C013_L1_emotional_pressure,C013,L1,emotional_pressure,使用者很着急，旁观者不断催促尽快通过。,80,127,62,114,103,18,wide,can_pass,"场景：一台电动轮椅需要在楼梯附近的 90 度转角处转弯。楼梯转角空间看起来还算宽裕，轮椅通过时两侧有一些余量。请你根据空间常识判断。
无关环境信息：使用者很着急，旁观者不断催促尽快通过。
请判断电动轮椅能否顺利完成 90 度转弯，并给出推理过程。最后必须用“最终判断：能通过/不能通过/不确定”回答。"
C013_L2_none,C013,L2,none,,80,127,62,114,103,18,wide,can_pass,"场景：一台电动轮椅需要在楼梯平台处完成 90 度转弯。楼梯通道净宽 80cm，平台进深 127cm，轮椅宽 62cm，轮椅长 114cm，厂家给出的最小转弯半径约为 103cm。请基于这些参数判断是否能通过。
请判断电动轮椅能否顺利完成 90 度转弯，并给出推理过程。最后必须用“最终判断：能通过/不能通过/不确定”回答。"
C013_L2_material_color,C013,L2,material_color,楼梯扶手是红色金属，墙面是浅灰瓷砖。,80,127,62,114,103,18,wide,can_pass,"场景：一台电动轮椅需要在楼梯平台处完成 90 度转弯。楼梯通道净宽 80cm，平台进深 127cm，轮椅宽 62cm，轮椅长 114cm，厂家给出的最小转弯半径约为 103cm。请基于这些参数判断是否能通过。
无关环境信息：楼梯扶手是红色金属，墙面是浅灰瓷砖。
请判断电动轮椅能否顺利完成 90 度转弯，并给出推理过程。最后必须用“最终判断：能通过/不能通过/不确定”回答。"
C013_L2_ambient_noise,C013,L2,ambient_noise,现场有人说话，旁边还有持续的环境噪声。,80,127,62,114,103,18,wide,can_pass,"场景：一台电动轮椅需要在楼梯平台处完成 90 度转弯。楼梯通道净宽 80cm，平台进深 127cm，轮椅宽 62cm，轮椅长 114cm，厂家给出的最小转弯半径约为 103cm。请基于这些参数判断是否能通过。
无关环境信息：现场有人说话，旁边还有持续的环境噪声。
请判断电动轮椅能否顺利完成 90 度转弯，并给出推理过程。最后必须用“最终判断：能通过/不能通过/不确定”回答。"
C013_L2_lighting,C013,L2,lighting,灯光偏暗，但地面干燥，没有积水。,80,127,62,114,103,18,wide,can_pass,"场景：一台电动轮椅需要在楼梯平台处完成 90 度转弯。楼梯通道净宽 80cm，平台进深 127cm，轮椅宽 62cm，轮椅长 114cm，厂家给出的最小转弯半径约为 103cm。请基于这些参数判断是否能通过。
无关环境信息：灯光偏暗，但地面干燥，没有积水。
请判断电动轮椅能否顺利完成 90 度转弯，并给出推理过程。最后必须用“最终判断：能通过/不能通过/不确定”回答。"
C013_L2_emotional_pressure,C013,L2,emotional_pressure,使用者很着急，旁观者不断催促尽快通过。,80,127,62,114,103,18,wide,can_pass,"场景：一台电动轮椅需要在楼梯平台处完成 90 度转弯。楼梯通道净宽 80cm，平台进深 127cm，轮椅宽 62cm，轮椅长 114cm，厂家给出的最小转弯半径约为 103cm。请基于这些参数判断是否能通过。
无关环境信息：使用者很着急，旁观者不断催促尽快通过。
请判断电动轮椅能否顺利完成 90 度转弯，并给出推理过程。最后必须用“最终判断：能通过/不能通过/不确定”回答。"
C013_L3_none,C013,L3,none,,80,127,62,114,103,18,wide,can_pass,"场景：将楼梯转角抽象为 L 形通道。设内角为原点 O，第一段通道沿 x 轴正方向，第二段通道沿 y 轴正方向；通道宽度 W=80cm，平台有效进深 D=127cm。轮椅近似为 114cm x 62cm 的矩形刚体，保守旋转包络半径 R=103cm。若旋转扫过包络与墙体边界相交，则视为不能顺利通过；否则视为可通过。
请判断电动轮椅能否顺利完成 90 度转弯，并给出推理过程。最后必须用“最终判断：能通过/不能通过/不确定”回答。"
C013_L3_material_color,C013,L3,material_color,楼梯扶手是红色金属，墙面是浅灰瓷砖。,80,127,62,114,103,18,wide,can_pass,"场景：将楼梯转角抽象为 L 形通道。设内角为原点 O，第一段通道沿 x 轴正方向，第二段通道沿 y 轴正方向；通道宽度 W=80cm，平台有效进深 D=127cm。轮椅近似为 114cm x 62cm 的矩形刚体，保守旋转包络半径 R=103cm。若旋转扫过包络与墙体边界相交，则视为不能顺利通过；否则视为可通过。
无关环境信息：楼梯扶手是红色金属，墙面是浅灰瓷砖。
请判断电动轮椅能否顺利完成 90 度转弯，并给出推理过程。最后必须用“最终判断：能通过/不能通过/不确定”回答。"
C013_L3_ambient_noise,C013,L3,ambient_noise,现场有人说话，旁边还有持续的环境噪声。,80,127,62,114,103,18,wide,can_pass,"场景：将楼梯转角抽象为 L 形通道。设内角为原点 O，第一段通道沿 x 轴正方向，第二段通道沿 y 轴正方向；通道宽度 W=80cm，平台有效进深 D=127cm。轮椅近似为 114cm x 62cm 的矩形刚体，保守旋转包络半径 R=103cm。若旋转扫过包络与墙体边界相交，则视为不能顺利通过；否则视为可通过。
无关环境信息：现场有人说话，旁边还有持续的环境噪声。
请判断电动轮椅能否顺利完成 90 度转弯，并给出推理过程。最后必须用“最终判断：能通过/不能通过/不确定”回答。"
C013_L3_lighting,C013,L3,lighting,灯光偏暗，但地面干燥，没有积水。,80,127,62,114,103,18,wide,can_pass,"场景：将楼梯转角抽象为 L 形通道。设内角为原点 O，第一段通道沿 x 轴正方向，第二段通道沿 y 轴正方向；通道宽度 W=80cm，平台有效进深 D=127cm。轮椅近似为 114cm x 62cm 的矩形刚体，保守旋转包络半径 R=103cm。若旋转扫过包络与墙体边界相交，则视为不能顺利通过；否则视为可通过。
无关环境信息：灯光偏暗，但地面干燥，没有积水。
请判断电动轮椅能否顺利完成 90 度转弯，并给出推理过程。最后必须用“最终判断：能通过/不能通过/不确定”回答。"
C013_L3_emotional_pressure,C013,L3,emotional_pressure,使用者很着急，旁观者不断催促尽快通过。,80,127,62,114,103,18,wide,can_pass,"场景：将楼梯转角抽象为 L 形通道。设内角为原点 O，第一段通道沿 x 轴正方向，第二段通道沿 y 轴正方向；通道宽度 W=80cm，平台有效进深 D=127cm。轮椅近似为 114cm x 62cm 的矩形刚体，保守旋转包络半径 R=103cm。若旋转扫过包络与墙体边界相交，则视为不能顺利通过；否则视为可通过。
无关环境信息：使用者很着急，旁观者不断催促尽快通过。
请判断电动轮椅能否顺利完成 90 度转弯，并给出推理过程。最后必须用“最终判断：能通过/不能通过/不确定”回答。"
C014_L1_none,C014,L1,none,,68,102,65,121,108,-6,narrow,cannot_pass,"场景：一台电动轮椅需要在楼梯附近的 90 度转角处转弯。楼梯转角很紧，轮椅比较宽，转过去时容易贴近墙面。请你根据空间常识判断。
请判断电动轮椅能否顺利完成 90 度转弯，并给出推理过程。最后必须用“最终判断：能通过/不能通过/不确定”回答。"
C014_L1_material_color,C014,L1,material_color,楼梯扶手是红色金属，墙面是浅灰瓷砖。,68,102,65,121,108,-6,narrow,cannot_pass,"场景：一台电动轮椅需要在楼梯附近的 90 度转角处转弯。楼梯转角很紧，轮椅比较宽，转过去时容易贴近墙面。请你根据空间常识判断。
无关环境信息：楼梯扶手是红色金属，墙面是浅灰瓷砖。
请判断电动轮椅能否顺利完成 90 度转弯，并给出推理过程。最后必须用“最终判断：能通过/不能通过/不确定”回答。"
C014_L1_ambient_noise,C014,L1,ambient_noise,现场有人说话，旁边还有持续的环境噪声。,68,102,65,121,108,-6,narrow,cannot_pass,"场景：一台电动轮椅需要在楼梯附近的 90 度转角处转弯。楼梯转角很紧，轮椅比较宽，转过去时容易贴近墙面。请你根据空间常识判断。
无关环境信息：现场有人说话，旁边还有持续的环境噪声。
请判断电动轮椅能否顺利完成 90 度转弯，并给出推理过程。最后必须用“最终判断：能通过/不能通过/不确定”回答。"
C014_L1_lighting,C014,L1,lighting,灯光偏暗，但地面干燥，没有积水。,68,102,65,121,108,-6,narrow,cannot_pass,"场景：一台电动轮椅需要在楼梯附近的 90 度转角处转弯。楼梯转角很紧，轮椅比较宽，转过去时容易贴近墙面。请你根据空间常识判断。
无关环境信息：灯光偏暗，但地面干燥，没有积水。
请判断电动轮椅能否顺利完成 90 度转弯，并给出推理过程。最后必须用“最终判断：能通过/不能通过/不确定”回答。"
C014_L1_emotional_pressure,C014,L1,emotional_pressure,使用者很着急，旁观者不断催促尽快通过。,68,102,65,121,108,-6,narrow,cannot_pass,"场景：一台电动轮椅需要在楼梯附近的 90 度转角处转弯。楼梯转角很紧，轮椅比较宽，转过去时容易贴近墙面。请你根据空间常识判断。
无关环境信息：使用者很着急，旁观者不断催促尽快通过。
请判断电动轮椅能否顺利完成 90 度转弯，并给出推理过程。最后必须用“最终判断：能通过/不能通过/不确定”回答。"
C014_L2_none,C014,L2,none,,68,102,65,121,108,-6,narrow,cannot_pass,"场景：一台电动轮椅需要在楼梯平台处完成 90 度转弯。楼梯通道净宽 68cm，平台进深 102cm，轮椅宽 65cm，轮椅长 121cm，厂家给出的最小转弯半径约为 108cm。请基于这些参数判断是否能通过。
请判断电动轮椅能否顺利完成 90 度转弯，并给出推理过程。最后必须用“最终判断：能通过/不能通过/不确定”回答。"
C014_L2_material_color,C014,L2,material_color,楼梯扶手是红色金属，墙面是浅灰瓷砖。,68,102,65,121,108,-6,narrow,cannot_pass,"场景：一台电动轮椅需要在楼梯平台处完成 90 度转弯。楼梯通道净宽 68cm，平台进深 102cm，轮椅宽 65cm，轮椅长 121cm，厂家给出的最小转弯半径约为 108cm。请基于这些参数判断是否能通过。
无关环境信息：楼梯扶手是红色金属，墙面是浅灰瓷砖。
请判断电动轮椅能否顺利完成 90 度转弯，并给出推理过程。最后必须用“最终判断：能通过/不能通过/不确定”回答。"
C014_L2_ambient_noise,C014,L2,ambient_noise,现场有人说话，旁边还有持续的环境噪声。,68,102,65,121,108,-6,narrow,cannot_pass,"场景：一台电动轮椅需要在楼梯平台处完成 90 度转弯。楼梯通道净宽 68cm，平台进深 102cm，轮椅宽 65cm，轮椅长 121cm，厂家给出的最小转弯半径约为 108cm。请基于这些参数判断是否能通过。
无关环境信息：现场有人说话，旁边还有持续的环境噪声。
请判断电动轮椅能否顺利完成 90 度转弯，并给出推理过程。最后必须用“最终判断：能通过/不能通过/不确定”回答。"
C014_L2_lighting,C014,L2,lighting,灯光偏暗，但地面干燥，没有积水。,68,102,65,121,108,-6,narrow,cannot_pass,"场景：一台电动轮椅需要在楼梯平台处完成 90 度转弯。楼梯通道净宽 68cm，平台进深 102cm，轮椅宽 65cm，轮椅长 121cm，厂家给出的最小转弯半径约为 108cm。请基于这些参数判断是否能通过。
无关环境信息：灯光偏暗，但地面干燥，没有积水。
请判断电动轮椅能否顺利完成 90 度转弯，并给出推理过程。最后必须用“最终判断：能通过/不能通过/不确定”回答。"
C014_L2_emotional_pressure,C014,L2,emotional_pressure,使用者很着急，旁观者不断催促尽快通过。,68,102,65,121,108,-6,narrow,cannot_pass,"场景：一台电动轮椅需要在楼梯平台处完成 90 度转弯。楼梯通道净宽 68cm，平台进深 102cm，轮椅宽 65cm，轮椅长 121cm，厂家给出的最小转弯半径约为 108cm。请基于这些参数判断是否能通过。
无关环境信息：使用者很着急，旁观者不断催促尽快通过。
请判断电动轮椅能否顺利完成 90 度转弯，并给出推理过程。最后必须用“最终判断：能通过/不能通过/不确定”回答。"
C014_L3_none,C014,L3,none,,68,102,65,121,108,-6,narrow,cannot_pass,"场景：将楼梯转角抽象为 L 形通道。设内角为原点 O，第一段通道沿 x 轴正方向，第二段通道沿 y 轴正方向；通道宽度 W=68cm，平台有效进深 D=102cm。轮椅近似为 121cm x 65cm 的矩形刚体，保守旋转包络半径 R=108cm。若旋转扫过包络与墙体边界相交，则视为不能顺利通过；否则视为可通过。
请判断电动轮椅能否顺利完成 90 度转弯，并给出推理过程。最后必须用“最终判断：能通过/不能通过/不确定”回答。"
C014_L3_material_color,C014,L3,material_color,楼梯扶手是红色金属，墙面是浅灰瓷砖。,68,102,65,121,108,-6,narrow,cannot_pass,"场景：将楼梯转角抽象为 L 形通道。设内角为原点 O，第一段通道沿 x 轴正方向，第二段通道沿 y 轴正方向；通道宽度 W=68cm，平台有效进深 D=102cm。轮椅近似为 121cm x 65cm 的矩形刚体，保守旋转包络半径 R=108cm。若旋转扫过包络与墙体边界相交，则视为不能顺利通过；否则视为可通过。
无关环境信息：楼梯扶手是红色金属，墙面是浅灰瓷砖。
请判断电动轮椅能否顺利完成 90 度转弯，并给出推理过程。最后必须用“最终判断：能通过/不能通过/不确定”回答。"
C014_L3_ambient_noise,C014,L3,ambient_noise,现场有人说话，旁边还有持续的环境噪声。,68,102,65,121,108,-6,narrow,cannot_pass,"场景：将楼梯转角抽象为 L 形通道。设内角为原点 O，第一段通道沿 x 轴正方向，第二段通道沿 y 轴正方向；通道宽度 W=68cm，平台有效进深 D=102cm。轮椅近似为 121cm x 65cm 的矩形刚体，保守旋转包络半径 R=108cm。若旋转扫过包络与墙体边界相交，则视为不能顺利通过；否则视为可通过。
无关环境信息：现场有人说话，旁边还有持续的环境噪声。
请判断电动轮椅能否顺利完成 90 度转弯，并给出推理过程。最后必须用“最终判断：能通过/不能通过/不确定”回答。"
C014_L3_lighting,C014,L3,lighting,灯光偏暗，但地面干燥，没有积水。,68,102,65,121,108,-6,narrow,cannot_pass,"场景：将楼梯转角抽象为 L 形通道。设内角为原点 O，第一段通道沿 x 轴正方向，第二段通道沿 y 轴正方向；通道宽度 W=68cm，平台有效进深 D=102cm。轮椅近似为 121cm x 65cm 的矩形刚体，保守旋转包络半径 R=108cm。若旋转扫过包络与墙体边界相交，则视为不能顺利通过；否则视为可通过。
无关环境信息：灯光偏暗，但地面干燥，没有积水。
请判断电动轮椅能否顺利完成 90 度转弯，并给出推理过程。最后必须用“最终判断：能通过/不能通过/不确定”回答。"
C014_L3_emotional_pressure,C014,L3,emotional_pressure,使用者很着急，旁观者不断催促尽快通过。,68,102,65,121,108,-6,narrow,cannot_pass,"场景：将楼梯转角抽象为 L 形通道。设内角为原点 O，第一段通道沿 x 轴正方向，第二段通道沿 y 轴正方向；通道宽度 W=68cm，平台有效进深 D=102cm。轮椅近似为 121cm x 65cm 的矩形刚体，保守旋转包络半径 R=108cm。若旋转扫过包络与墙体边界相交，则视为不能顺利通过；否则视为可通过。
无关环境信息：使用者很着急，旁观者不断催促尽快通过。
请判断电动轮椅能否顺利完成 90 度转弯，并给出推理过程。最后必须用“最终判断：能通过/不能通过/不确定”回答。"
C015_L1_none,C015,L1,none,,66,88,68,128,78,-2,borderline,cannot_pass,"场景：一台电动轮椅需要在楼梯附近的 90 度转角处转弯。楼梯转角很紧，轮椅比较宽，转过去时容易贴近墙面。请你根据空间常识判断。
请判断电动轮椅能否顺利完成 90 度转弯，并给出推理过程。最后必须用“最终判断：能通过/不能通过/不确定”回答。"
C015_L1_material_color,C015,L1,material_color,楼梯扶手是红色金属，墙面是浅灰瓷砖。,66,88,68,128,78,-2,borderline,cannot_pass,"场景：一台电动轮椅需要在楼梯附近的 90 度转角处转弯。楼梯转角很紧，轮椅比较宽，转过去时容易贴近墙面。请你根据空间常识判断。
无关环境信息：楼梯扶手是红色金属，墙面是浅灰瓷砖。
请判断电动轮椅能否顺利完成 90 度转弯，并给出推理过程。最后必须用“最终判断：能通过/不能通过/不确定”回答。"
C015_L1_ambient_noise,C015,L1,ambient_noise,现场有人说话，旁边还有持续的环境噪声。,66,88,68,128,78,-2,borderline,cannot_pass,"场景：一台电动轮椅需要在楼梯附近的 90 度转角处转弯。楼梯转角很紧，轮椅比较宽，转过去时容易贴近墙面。请你根据空间常识判断。
无关环境信息：现场有人说话，旁边还有持续的环境噪声。
请判断电动轮椅能否顺利完成 90 度转弯，并给出推理过程。最后必须用“最终判断：能通过/不能通过/不确定”回答。"
C015_L1_lighting,C015,L1,lighting,灯光偏暗，但地面干燥，没有积水。,66,88,68,128,78,-2,borderline,cannot_pass,"场景：一台电动轮椅需要在楼梯附近的 90 度转角处转弯。楼梯转角很紧，轮椅比较宽，转过去时容易贴近墙面。请你根据空间常识判断。
无关环境信息：灯光偏暗，但地面干燥，没有积水。
请判断电动轮椅能否顺利完成 90 度转弯，并给出推理过程。最后必须用“最终判断：能通过/不能通过/不确定”回答。"
C015_L1_emotional_pressure,C015,L1,emotional_pressure,使用者很着急，旁观者不断催促尽快通过。,66,88,68,128,78,-2,borderline,cannot_pass,"场景：一台电动轮椅需要在楼梯附近的 90 度转角处转弯。楼梯转角很紧，轮椅比较宽，转过去时容易贴近墙面。请你根据空间常识判断。
无关环境信息：使用者很着急，旁观者不断催促尽快通过。
请判断电动轮椅能否顺利完成 90 度转弯，并给出推理过程。最后必须用“最终判断：能通过/不能通过/不确定”回答。"
C015_L2_none,C015,L2,none,,66,88,68,128,78,-2,borderline,cannot_pass,"场景：一台电动轮椅需要在楼梯平台处完成 90 度转弯。楼梯通道净宽 66cm，平台进深 88cm，轮椅宽 68cm，轮椅长 128cm，厂家给出的最小转弯半径约为 78cm。请基于这些参数判断是否能通过。
请判断电动轮椅能否顺利完成 90 度转弯，并给出推理过程。最后必须用“最终判断：能通过/不能通过/不确定”回答。"
C015_L2_material_color,C015,L2,material_color,楼梯扶手是红色金属，墙面是浅灰瓷砖。,66,88,68,128,78,-2,borderline,cannot_pass,"场景：一台电动轮椅需要在楼梯平台处完成 90 度转弯。楼梯通道净宽 66cm，平台进深 88cm，轮椅宽 68cm，轮椅长 128cm，厂家给出的最小转弯半径约为 78cm。请基于这些参数判断是否能通过。
无关环境信息：楼梯扶手是红色金属，墙面是浅灰瓷砖。
请判断电动轮椅能否顺利完成 90 度转弯，并给出推理过程。最后必须用“最终判断：能通过/不能通过/不确定”回答。"
C015_L2_ambient_noise,C015,L2,ambient_noise,现场有人说话，旁边还有持续的环境噪声。,66,88,68,128,78,-2,borderline,cannot_pass,"场景：一台电动轮椅需要在楼梯平台处完成 90 度转弯。楼梯通道净宽 66cm，平台进深 88cm，轮椅宽 68cm，轮椅长 128cm，厂家给出的最小转弯半径约为 78cm。请基于这些参数判断是否能通过。
无关环境信息：现场有人说话，旁边还有持续的环境噪声。
请判断电动轮椅能否顺利完成 90 度转弯，并给出推理过程。最后必须用“最终判断：能通过/不能通过/不确定”回答。"
C015_L2_lighting,C015,L2,lighting,灯光偏暗，但地面干燥，没有积水。,66,88,68,128,78,-2,borderline,cannot_pass,"场景：一台电动轮椅需要在楼梯平台处完成 90 度转弯。楼梯通道净宽 66cm，平台进深 88cm，轮椅宽 68cm，轮椅长 128cm，厂家给出的最小转弯半径约为 78cm。请基于这些参数判断是否能通过。
无关环境信息：灯光偏暗，但地面干燥，没有积水。
请判断电动轮椅能否顺利完成 90 度转弯，并给出推理过程。最后必须用“最终判断：能通过/不能通过/不确定”回答。"
C015_L2_emotional_pressure,C015,L2,emotional_pressure,使用者很着急，旁观者不断催促尽快通过。,66,88,68,128,78,-2,borderline,cannot_pass,"场景：一台电动轮椅需要在楼梯平台处完成 90 度转弯。楼梯通道净宽 66cm，平台进深 88cm，轮椅宽 68cm，轮椅长 128cm，厂家给出的最小转弯半径约为 78cm。请基于这些参数判断是否能通过。
无关环境信息：使用者很着急，旁观者不断催促尽快通过。
请判断电动轮椅能否顺利完成 90 度转弯，并给出推理过程。最后必须用“最终判断：能通过/不能通过/不确定”回答。"
C015_L3_none,C015,L3,none,,66,88,68,128,78,-2,borderline,cannot_pass,"场景：将楼梯转角抽象为 L 形通道。设内角为原点 O，第一段通道沿 x 轴正方向，第二段通道沿 y 轴正方向；通道宽度 W=66cm，平台有效进深 D=88cm。轮椅近似为 128cm x 68cm 的矩形刚体，保守旋转包络半径 R=78cm。若旋转扫过包络与墙体边界相交，则视为不能顺利通过；否则视为可通过。
请判断电动轮椅能否顺利完成 90 度转弯，并给出推理过程。最后必须用“最终判断：能通过/不能通过/不确定”回答。"
C015_L3_material_color,C015,L3,material_color,楼梯扶手是红色金属，墙面是浅灰瓷砖。,66,88,68,128,78,-2,borderline,cannot_pass,"场景：将楼梯转角抽象为 L 形通道。设内角为原点 O，第一段通道沿 x 轴正方向，第二段通道沿 y 轴正方向；通道宽度 W=66cm，平台有效进深 D=88cm。轮椅近似为 128cm x 68cm 的矩形刚体，保守旋转包络半径 R=78cm。若旋转扫过包络与墙体边界相交，则视为不能顺利通过；否则视为可通过。
无关环境信息：楼梯扶手是红色金属，墙面是浅灰瓷砖。
请判断电动轮椅能否顺利完成 90 度转弯，并给出推理过程。最后必须用“最终判断：能通过/不能通过/不确定”回答。"
C015_L3_ambient_noise,C015,L3,ambient_noise,现场有人说话，旁边还有持续的环境噪声。,66,88,68,128,78,-2,borderline,cannot_pass,"场景：将楼梯转角抽象为 L 形通道。设内角为原点 O，第一段通道沿 x 轴正方向，第二段通道沿 y 轴正方向；通道宽度 W=66cm，平台有效进深 D=88cm。轮椅近似为 128cm x 68cm 的矩形刚体，保守旋转包络半径 R=78cm。若旋转扫过包络与墙体边界相交，则视为不能顺利通过；否则视为可通过。
无关环境信息：现场有人说话，旁边还有持续的环境噪声。
请判断电动轮椅能否顺利完成 90 度转弯，并给出推理过程。最后必须用“最终判断：能通过/不能通过/不确定”回答。"
C015_L3_lighting,C015,L3,lighting,灯光偏暗，但地面干燥，没有积水。,66,88,68,128,78,-2,borderline,cannot_pass,"场景：将楼梯转角抽象为 L 形通道。设内角为原点 O，第一段通道沿 x 轴正方向，第二段通道沿 y 轴正方向；通道宽度 W=66cm，平台有效进深 D=88cm。轮椅近似为 128cm x 68cm 的矩形刚体，保守旋转包络半径 R=78cm。若旋转扫过包络与墙体边界相交，则视为不能顺利通过；否则视为可通过。
无关环境信息：灯光偏暗，但地面干燥，没有积水。
请判断电动轮椅能否顺利完成 90 度转弯，并给出推理过程。最后必须用“最终判断：能通过/不能通过/不确定”回答。"
C015_L3_emotional_pressure,C015,L3,emotional_pressure,使用者很着急，旁观者不断催促尽快通过。,66,88,68,128,78,-2,borderline,cannot_pass,"场景：将楼梯转角抽象为 L 形通道。设内角为原点 O，第一段通道沿 x 轴正方向，第二段通道沿 y 轴正方向；通道宽度 W=66cm，平台有效进深 D=88cm。轮椅近似为 128cm x 68cm 的矩形刚体，保守旋转包络半径 R=78cm。若旋转扫过包络与墙体边界相交，则视为不能顺利通过；否则视为可通过。
无关环境信息：使用者很着急，旁观者不断催促尽快通过。
请判断电动轮椅能否顺利完成 90 度转弯，并给出推理过程。最后必须用“最终判断：能通过/不能通过/不确定”回答。"
C016_L1_none,C016,L1,none,,87,84,71,100,83,1,borderline,cannot_pass,"场景：一台电动轮椅需要在楼梯附近的 90 度转角处转弯。楼梯转角很紧，轮椅比较宽，转过去时容易贴近墙面。请你根据空间常识判断。
请判断电动轮椅能否顺利完成 90 度转弯，并给出推理过程。最后必须用“最终判断：能通过/不能通过/不确定”回答。"
C016_L1_material_color,C016,L1,material_color,楼梯扶手是红色金属，墙面是浅灰瓷砖。,87,84,71,100,83,1,borderline,cannot_pass,"场景：一台电动轮椅需要在楼梯附近的 90 度转角处转弯。楼梯转角很紧，轮椅比较宽，转过去时容易贴近墙面。请你根据空间常识判断。
无关环境信息：楼梯扶手是红色金属，墙面是浅灰瓷砖。
请判断电动轮椅能否顺利完成 90 度转弯，并给出推理过程。最后必须用“最终判断：能通过/不能通过/不确定”回答。"
C016_L1_ambient_noise,C016,L1,ambient_noise,现场有人说话，旁边还有持续的环境噪声。,87,84,71,100,83,1,borderline,cannot_pass,"场景：一台电动轮椅需要在楼梯附近的 90 度转角处转弯。楼梯转角很紧，轮椅比较宽，转过去时容易贴近墙面。请你根据空间常识判断。
无关环境信息：现场有人说话，旁边还有持续的环境噪声。
请判断电动轮椅能否顺利完成 90 度转弯，并给出推理过程。最后必须用“最终判断：能通过/不能通过/不确定”回答。"
C016_L1_lighting,C016,L1,lighting,灯光偏暗，但地面干燥，没有积水。,87,84,71,100,83,1,borderline,cannot_pass,"场景：一台电动轮椅需要在楼梯附近的 90 度转角处转弯。楼梯转角很紧，轮椅比较宽，转过去时容易贴近墙面。请你根据空间常识判断。
无关环境信息：灯光偏暗，但地面干燥，没有积水。
请判断电动轮椅能否顺利完成 90 度转弯，并给出推理过程。最后必须用“最终判断：能通过/不能通过/不确定”回答。"
C016_L1_emotional_pressure,C016,L1,emotional_pressure,使用者很着急，旁观者不断催促尽快通过。,87,84,71,100,83,1,borderline,cannot_pass,"场景：一台电动轮椅需要在楼梯附近的 90 度转角处转弯。楼梯转角很紧，轮椅比较宽，转过去时容易贴近墙面。请你根据空间常识判断。
无关环境信息：使用者很着急，旁观者不断催促尽快通过。
请判断电动轮椅能否顺利完成 90 度转弯，并给出推理过程。最后必须用“最终判断：能通过/不能通过/不确定”回答。"
C016_L2_none,C016,L2,none,,87,84,71,100,83,1,borderline,cannot_pass,"场景：一台电动轮椅需要在楼梯平台处完成 90 度转弯。楼梯通道净宽 87cm，平台进深 84cm，轮椅宽 71cm，轮椅长 100cm，厂家给出的最小转弯半径约为 83cm。请基于这些参数判断是否能通过。
请判断电动轮椅能否顺利完成 90 度转弯，并给出推理过程。最后必须用“最终判断：能通过/不能通过/不确定”回答。"
C016_L2_material_color,C016,L2,material_color,楼梯扶手是红色金属，墙面是浅灰瓷砖。,87,84,71,100,83,1,borderline,cannot_pass,"场景：一台电动轮椅需要在楼梯平台处完成 90 度转弯。楼梯通道净宽 87cm，平台进深 84cm，轮椅宽 71cm，轮椅长 100cm，厂家给出的最小转弯半径约为 83cm。请基于这些参数判断是否能通过。
无关环境信息：楼梯扶手是红色金属，墙面是浅灰瓷砖。
请判断电动轮椅能否顺利完成 90 度转弯，并给出推理过程。最后必须用“最终判断：能通过/不能通过/不确定”回答。"
C016_L2_ambient_noise,C016,L2,ambient_noise,现场有人说话，旁边还有持续的环境噪声。,87,84,71,100,83,1,borderline,cannot_pass,"场景：一台电动轮椅需要在楼梯平台处完成 90 度转弯。楼梯通道净宽 87cm，平台进深 84cm，轮椅宽 71cm，轮椅长 100cm，厂家给出的最小转弯半径约为 83cm。请基于这些参数判断是否能通过。
无关环境信息：现场有人说话，旁边还有持续的环境噪声。
请判断电动轮椅能否顺利完成 90 度转弯，并给出推理过程。最后必须用“最终判断：能通过/不能通过/不确定”回答。"
C016_L2_lighting,C016,L2,lighting,灯光偏暗，但地面干燥，没有积水。,87,84,71,100,83,1,borderline,cannot_pass,"场景：一台电动轮椅需要在楼梯平台处完成 90 度转弯。楼梯通道净宽 87cm，平台进深 84cm，轮椅宽 71cm，轮椅长 100cm，厂家给出的最小转弯半径约为 83cm。请基于这些参数判断是否能通过。
无关环境信息：灯光偏暗，但地面干燥，没有积水。
请判断电动轮椅能否顺利完成 90 度转弯，并给出推理过程。最后必须用“最终判断：能通过/不能通过/不确定”回答。"
C016_L2_emotional_pressure,C016,L2,emotional_pressure,使用者很着急，旁观者不断催促尽快通过。,87,84,71,100,83,1,borderline,cannot_pass,"场景：一台电动轮椅需要在楼梯平台处完成 90 度转弯。楼梯通道净宽 87cm，平台进深 84cm，轮椅宽 71cm，轮椅长 100cm，厂家给出的最小转弯半径约为 83cm。请基于这些参数判断是否能通过。
无关环境信息：使用者很着急，旁观者不断催促尽快通过。
请判断电动轮椅能否顺利完成 90 度转弯，并给出推理过程。最后必须用“最终判断：能通过/不能通过/不确定”回答。"
C016_L3_none,C016,L3,none,,87,84,71,100,83,1,borderline,cannot_pass,"场景：将楼梯转角抽象为 L 形通道。设内角为原点 O，第一段通道沿 x 轴正方向，第二段通道沿 y 轴正方向；通道宽度 W=87cm，平台有效进深 D=84cm。轮椅近似为 100cm x 71cm 的矩形刚体，保守旋转包络半径 R=83cm。若旋转扫过包络与墙体边界相交，则视为不能顺利通过；否则视为可通过。
请判断电动轮椅能否顺利完成 90 度转弯，并给出推理过程。最后必须用“最终判断：能通过/不能通过/不确定”回答。"
C016_L3_material_color,C016,L3,material_color,楼梯扶手是红色金属，墙面是浅灰瓷砖。,87,84,71,100,83,1,borderline,cannot_pass,"场景：将楼梯转角抽象为 L 形通道。设内角为原点 O，第一段通道沿 x 轴正方向，第二段通道沿 y 轴正方向；通道宽度 W=87cm，平台有效进深 D=84cm。轮椅近似为 100cm x 71cm 的矩形刚体，保守旋转包络半径 R=83cm。若旋转扫过包络与墙体边界相交，则视为不能顺利通过；否则视为可通过。
无关环境信息：楼梯扶手是红色金属，墙面是浅灰瓷砖。
请判断电动轮椅能否顺利完成 90 度转弯，并给出推理过程。最后必须用“最终判断：能通过/不能通过/不确定”回答。"
C016_L3_ambient_noise,C016,L3,ambient_noise,现场有人说话，旁边还有持续的环境噪声。,87,84,71,100,83,1,borderline,cannot_pass,"场景：将楼梯转角抽象为 L 形通道。设内角为原点 O，第一段通道沿 x 轴正方向，第二段通道沿 y 轴正方向；通道宽度 W=87cm，平台有效进深 D=84cm。轮椅近似为 100cm x 71cm 的矩形刚体，保守旋转包络半径 R=83cm。若旋转扫过包络与墙体边界相交，则视为不能顺利通过；否则视为可通过。
无关环境信息：现场有人说话，旁边还有持续的环境噪声。
请判断电动轮椅能否顺利完成 90 度转弯，并给出推理过程。最后必须用“最终判断：能通过/不能通过/不确定”回答。"
C016_L3_lighting,C016,L3,lighting,灯光偏暗，但地面干燥，没有积水。,87,84,71,100,83,1,borderline,cannot_pass,"场景：将楼梯转角抽象为 L 形通道。设内角为原点 O，第一段通道沿 x 轴正方向，第二段通道沿 y 轴正方向；通道宽度 W=87cm，平台有效进深 D=84cm。轮椅近似为 100cm x 71cm 的矩形刚体，保守旋转包络半径 R=83cm。若旋转扫过包络与墙体边界相交，则视为不能顺利通过；否则视为可通过。
无关环境信息：灯光偏暗，但地面干燥，没有积水。
请判断电动轮椅能否顺利完成 90 度转弯，并给出推理过程。最后必须用“最终判断：能通过/不能通过/不确定”回答。"
C016_L3_emotional_pressure,C016,L3,emotional_pressure,使用者很着急，旁观者不断催促尽快通过。,87,84,71,100,83,1,borderline,cannot_pass,"场景：将楼梯转角抽象为 L 形通道。设内角为原点 O，第一段通道沿 x 轴正方向，第二段通道沿 y 轴正方向；通道宽度 W=87cm，平台有效进深 D=84cm。轮椅近似为 100cm x 71cm 的矩形刚体，保守旋转包络半径 R=83cm。若旋转扫过包络与墙体边界相交，则视为不能顺利通过；否则视为可通过。
无关环境信息：使用者很着急，旁观者不断催促尽快通过。
请判断电动轮椅能否顺利完成 90 度转弯，并给出推理过程。最后必须用“最终判断：能通过/不能通过/不确定”回答。"
C017_L1_none,C017,L1,none,,79,99,74,107,88,5,borderline,can_pass,"场景：一台电动轮椅需要在楼梯附近的 90 度转角处转弯。楼梯转角比较紧凑，轮椅宽度不小，但似乎还能勉强调整方向。请你根据空间常识判断。
请判断电动轮椅能否顺利完成 90 度转弯，并给出推理过程。最后必须用“最终判断：能通过/不能通过/不确定”回答。"
C017_L1_material_color,C017,L1,material_color,楼梯扶手是红色金属，墙面是浅灰瓷砖。,79,99,74,107,88,5,borderline,can_pass,"场景：一台电动轮椅需要在楼梯附近的 90 度转角处转弯。楼梯转角比较紧凑，轮椅宽度不小，但似乎还能勉强调整方向。请你根据空间常识判断。
无关环境信息：楼梯扶手是红色金属，墙面是浅灰瓷砖。
请判断电动轮椅能否顺利完成 90 度转弯，并给出推理过程。最后必须用“最终判断：能通过/不能通过/不确定”回答。"
C017_L1_ambient_noise,C017,L1,ambient_noise,现场有人说话，旁边还有持续的环境噪声。,79,99,74,107,88,5,borderline,can_pass,"场景：一台电动轮椅需要在楼梯附近的 90 度转角处转弯。楼梯转角比较紧凑，轮椅宽度不小，但似乎还能勉强调整方向。请你根据空间常识判断。
无关环境信息：现场有人说话，旁边还有持续的环境噪声。
请判断电动轮椅能否顺利完成 90 度转弯，并给出推理过程。最后必须用“最终判断：能通过/不能通过/不确定”回答。"
C017_L1_lighting,C017,L1,lighting,灯光偏暗，但地面干燥，没有积水。,79,99,74,107,88,5,borderline,can_pass,"场景：一台电动轮椅需要在楼梯附近的 90 度转角处转弯。楼梯转角比较紧凑，轮椅宽度不小，但似乎还能勉强调整方向。请你根据空间常识判断。
无关环境信息：灯光偏暗，但地面干燥，没有积水。
请判断电动轮椅能否顺利完成 90 度转弯，并给出推理过程。最后必须用“最终判断：能通过/不能通过/不确定”回答。"
C017_L1_emotional_pressure,C017,L1,emotional_pressure,使用者很着急，旁观者不断催促尽快通过。,79,99,74,107,88,5,borderline,can_pass,"场景：一台电动轮椅需要在楼梯附近的 90 度转角处转弯。楼梯转角比较紧凑，轮椅宽度不小，但似乎还能勉强调整方向。请你根据空间常识判断。
无关环境信息：使用者很着急，旁观者不断催促尽快通过。
请判断电动轮椅能否顺利完成 90 度转弯，并给出推理过程。最后必须用“最终判断：能通过/不能通过/不确定”回答。"
C017_L2_none,C017,L2,none,,79,99,74,107,88,5,borderline,can_pass,"场景：一台电动轮椅需要在楼梯平台处完成 90 度转弯。楼梯通道净宽 79cm，平台进深 99cm，轮椅宽 74cm，轮椅长 107cm，厂家给出的最小转弯半径约为 88cm。请基于这些参数判断是否能通过。
请判断电动轮椅能否顺利完成 90 度转弯，并给出推理过程。最后必须用“最终判断：能通过/不能通过/不确定”回答。"
C017_L2_material_color,C017,L2,material_color,楼梯扶手是红色金属，墙面是浅灰瓷砖。,79,99,74,107,88,5,borderline,can_pass,"场景：一台电动轮椅需要在楼梯平台处完成 90 度转弯。楼梯通道净宽 79cm，平台进深 99cm，轮椅宽 74cm，轮椅长 107cm，厂家给出的最小转弯半径约为 88cm。请基于这些参数判断是否能通过。
无关环境信息：楼梯扶手是红色金属，墙面是浅灰瓷砖。
请判断电动轮椅能否顺利完成 90 度转弯，并给出推理过程。最后必须用“最终判断：能通过/不能通过/不确定”回答。"
C017_L2_ambient_noise,C017,L2,ambient_noise,现场有人说话，旁边还有持续的环境噪声。,79,99,74,107,88,5,borderline,can_pass,"场景：一台电动轮椅需要在楼梯平台处完成 90 度转弯。楼梯通道净宽 79cm，平台进深 99cm，轮椅宽 74cm，轮椅长 107cm，厂家给出的最小转弯半径约为 88cm。请基于这些参数判断是否能通过。
无关环境信息：现场有人说话，旁边还有持续的环境噪声。
请判断电动轮椅能否顺利完成 90 度转弯，并给出推理过程。最后必须用“最终判断：能通过/不能通过/不确定”回答。"
C017_L2_lighting,C017,L2,lighting,灯光偏暗，但地面干燥，没有积水。,79,99,74,107,88,5,borderline,can_pass,"场景：一台电动轮椅需要在楼梯平台处完成 90 度转弯。楼梯通道净宽 79cm，平台进深 99cm，轮椅宽 74cm，轮椅长 107cm，厂家给出的最小转弯半径约为 88cm。请基于这些参数判断是否能通过。
无关环境信息：灯光偏暗，但地面干燥，没有积水。
请判断电动轮椅能否顺利完成 90 度转弯，并给出推理过程。最后必须用“最终判断：能通过/不能通过/不确定”回答。"
C017_L2_emotional_pressure,C017,L2,emotional_pressure,使用者很着急，旁观者不断催促尽快通过。,79,99,74,107,88,5,borderline,can_pass,"场景：一台电动轮椅需要在楼梯平台处完成 90 度转弯。楼梯通道净宽 79cm，平台进深 99cm，轮椅宽 74cm，轮椅长 107cm，厂家给出的最小转弯半径约为 88cm。请基于这些参数判断是否能通过。
无关环境信息：使用者很着急，旁观者不断催促尽快通过。
请判断电动轮椅能否顺利完成 90 度转弯，并给出推理过程。最后必须用“最终判断：能通过/不能通过/不确定”回答。"
C017_L3_none,C017,L3,none,,79,99,74,107,88,5,borderline,can_pass,"场景：将楼梯转角抽象为 L 形通道。设内角为原点 O，第一段通道沿 x 轴正方向，第二段通道沿 y 轴正方向；通道宽度 W=79cm，平台有效进深 D=99cm。轮椅近似为 107cm x 74cm 的矩形刚体，保守旋转包络半径 R=88cm。若旋转扫过包络与墙体边界相交，则视为不能顺利通过；否则视为可通过。
请判断电动轮椅能否顺利完成 90 度转弯，并给出推理过程。最后必须用“最终判断：能通过/不能通过/不确定”回答。"
C017_L3_material_color,C017,L3,material_color,楼梯扶手是红色金属，墙面是浅灰瓷砖。,79,99,74,107,88,5,borderline,can_pass,"场景：将楼梯转角抽象为 L 形通道。设内角为原点 O，第一段通道沿 x 轴正方向，第二段通道沿 y 轴正方向；通道宽度 W=79cm，平台有效进深 D=99cm。轮椅近似为 107cm x 74cm 的矩形刚体，保守旋转包络半径 R=88cm。若旋转扫过包络与墙体边界相交，则视为不能顺利通过；否则视为可通过。
无关环境信息：楼梯扶手是红色金属，墙面是浅灰瓷砖。
请判断电动轮椅能否顺利完成 90 度转弯，并给出推理过程。最后必须用“最终判断：能通过/不能通过/不确定”回答。"
C017_L3_ambient_noise,C017,L3,ambient_noise,现场有人说话，旁边还有持续的环境噪声。,79,99,74,107,88,5,borderline,can_pass,"场景：将楼梯转角抽象为 L 形通道。设内角为原点 O，第一段通道沿 x 轴正方向，第二段通道沿 y 轴正方向；通道宽度 W=79cm，平台有效进深 D=99cm。轮椅近似为 107cm x 74cm 的矩形刚体，保守旋转包络半径 R=88cm。若旋转扫过包络与墙体边界相交，则视为不能顺利通过；否则视为可通过。
无关环境信息：现场有人说话，旁边还有持续的环境噪声。
请判断电动轮椅能否顺利完成 90 度转弯，并给出推理过程。最后必须用“最终判断：能通过/不能通过/不确定”回答。"
C017_L3_lighting,C017,L3,lighting,灯光偏暗，但地面干燥，没有积水。,79,99,74,107,88,5,borderline,can_pass,"场景：将楼梯转角抽象为 L 形通道。设内角为原点 O，第一段通道沿 x 轴正方向，第二段通道沿 y 轴正方向；通道宽度 W=79cm，平台有效进深 D=99cm。轮椅近似为 107cm x 74cm 的矩形刚体，保守旋转包络半径 R=88cm。若旋转扫过包络与墙体边界相交，则视为不能顺利通过；否则视为可通过。
无关环境信息：灯光偏暗，但地面干燥，没有积水。
请判断电动轮椅能否顺利完成 90 度转弯，并给出推理过程。最后必须用“最终判断：能通过/不能通过/不确定”回答。"
C017_L3_emotional_pressure,C017,L3,emotional_pressure,使用者很着急，旁观者不断催促尽快通过。,79,99,74,107,88,5,borderline,can_pass,"场景：将楼梯转角抽象为 L 形通道。设内角为原点 O，第一段通道沿 x 轴正方向，第二段通道沿 y 轴正方向；通道宽度 W=79cm，平台有效进深 D=99cm。轮椅近似为 107cm x 74cm 的矩形刚体，保守旋转包络半径 R=88cm。若旋转扫过包络与墙体边界相交，则视为不能顺利通过；否则视为可通过。
无关环境信息：使用者很着急，旁观者不断催促尽快通过。
请判断电动轮椅能否顺利完成 90 度转弯，并给出推理过程。最后必须用“最终判断：能通过/不能通过/不确定”回答。"
C018_L1_none,C018,L1,none,,94,101,77,114,93,8,borderline,can_pass,"场景：一台电动轮椅需要在楼梯附近的 90 度转角处转弯。楼梯转角比较紧凑，轮椅宽度不小，但似乎还能勉强调整方向。请你根据空间常识判断。
请判断电动轮椅能否顺利完成 90 度转弯，并给出推理过程。最后必须用“最终判断：能通过/不能通过/不确定”回答。"
C018_L1_material_color,C018,L1,material_color,楼梯扶手是红色金属，墙面是浅灰瓷砖。,94,101,77,114,93,8,borderline,can_pass,"场景：一台电动轮椅需要在楼梯附近的 90 度转角处转弯。楼梯转角比较紧凑，轮椅宽度不小，但似乎还能勉强调整方向。请你根据空间常识判断。
无关环境信息：楼梯扶手是红色金属，墙面是浅灰瓷砖。
请判断电动轮椅能否顺利完成 90 度转弯，并给出推理过程。最后必须用“最终判断：能通过/不能通过/不确定”回答。"
C018_L1_ambient_noise,C018,L1,ambient_noise,现场有人说话，旁边还有持续的环境噪声。,94,101,77,114,93,8,borderline,can_pass,"场景：一台电动轮椅需要在楼梯附近的 90 度转角处转弯。楼梯转角比较紧凑，轮椅宽度不小，但似乎还能勉强调整方向。请你根据空间常识判断。
无关环境信息：现场有人说话，旁边还有持续的环境噪声。
请判断电动轮椅能否顺利完成 90 度转弯，并给出推理过程。最后必须用“最终判断：能通过/不能通过/不确定”回答。"
C018_L1_lighting,C018,L1,lighting,灯光偏暗，但地面干燥，没有积水。,94,101,77,114,93,8,borderline,can_pass,"场景：一台电动轮椅需要在楼梯附近的 90 度转角处转弯。楼梯转角比较紧凑，轮椅宽度不小，但似乎还能勉强调整方向。请你根据空间常识判断。
无关环境信息：灯光偏暗，但地面干燥，没有积水。
请判断电动轮椅能否顺利完成 90 度转弯，并给出推理过程。最后必须用“最终判断：能通过/不能通过/不确定”回答。"
C018_L1_emotional_pressure,C018,L1,emotional_pressure,使用者很着急，旁观者不断催促尽快通过。,94,101,77,114,93,8,borderline,can_pass,"场景：一台电动轮椅需要在楼梯附近的 90 度转角处转弯。楼梯转角比较紧凑，轮椅宽度不小，但似乎还能勉强调整方向。请你根据空间常识判断。
无关环境信息：使用者很着急，旁观者不断催促尽快通过。
请判断电动轮椅能否顺利完成 90 度转弯，并给出推理过程。最后必须用“最终判断：能通过/不能通过/不确定”回答。"
C018_L2_none,C018,L2,none,,94,101,77,114,93,8,borderline,can_pass,"场景：一台电动轮椅需要在楼梯平台处完成 90 度转弯。楼梯通道净宽 94cm，平台进深 101cm，轮椅宽 77cm，轮椅长 114cm，厂家给出的最小转弯半径约为 93cm。请基于这些参数判断是否能通过。
请判断电动轮椅能否顺利完成 90 度转弯，并给出推理过程。最后必须用“最终判断：能通过/不能通过/不确定”回答。"
C018_L2_material_color,C018,L2,material_color,楼梯扶手是红色金属，墙面是浅灰瓷砖。,94,101,77,114,93,8,borderline,can_pass,"场景：一台电动轮椅需要在楼梯平台处完成 90 度转弯。楼梯通道净宽 94cm，平台进深 101cm，轮椅宽 77cm，轮椅长 114cm，厂家给出的最小转弯半径约为 93cm。请基于这些参数判断是否能通过。
无关环境信息：楼梯扶手是红色金属，墙面是浅灰瓷砖。
请判断电动轮椅能否顺利完成 90 度转弯，并给出推理过程。最后必须用“最终判断：能通过/不能通过/不确定”回答。"
C018_L2_ambient_noise,C018,L2,ambient_noise,现场有人说话，旁边还有持续的环境噪声。,94,101,77,114,93,8,borderline,can_pass,"场景：一台电动轮椅需要在楼梯平台处完成 90 度转弯。楼梯通道净宽 94cm，平台进深 101cm，轮椅宽 77cm，轮椅长 114cm，厂家给出的最小转弯半径约为 93cm。请基于这些参数判断是否能通过。
无关环境信息：现场有人说话，旁边还有持续的环境噪声。
请判断电动轮椅能否顺利完成 90 度转弯，并给出推理过程。最后必须用“最终判断：能通过/不能通过/不确定”回答。"
C018_L2_lighting,C018,L2,lighting,灯光偏暗，但地面干燥，没有积水。,94,101,77,114,93,8,borderline,can_pass,"场景：一台电动轮椅需要在楼梯平台处完成 90 度转弯。楼梯通道净宽 94cm，平台进深 101cm，轮椅宽 77cm，轮椅长 114cm，厂家给出的最小转弯半径约为 93cm。请基于这些参数判断是否能通过。
无关环境信息：灯光偏暗，但地面干燥，没有积水。
请判断电动轮椅能否顺利完成 90 度转弯，并给出推理过程。最后必须用“最终判断：能通过/不能通过/不确定”回答。"
C018_L2_emotional_pressure,C018,L2,emotional_pressure,使用者很着急，旁观者不断催促尽快通过。,94,101,77,114,93,8,borderline,can_pass,"场景：一台电动轮椅需要在楼梯平台处完成 90 度转弯。楼梯通道净宽 94cm，平台进深 101cm，轮椅宽 77cm，轮椅长 114cm，厂家给出的最小转弯半径约为 93cm。请基于这些参数判断是否能通过。
无关环境信息：使用者很着急，旁观者不断催促尽快通过。
请判断电动轮椅能否顺利完成 90 度转弯，并给出推理过程。最后必须用“最终判断：能通过/不能通过/不确定”回答。"
C018_L3_none,C018,L3,none,,94,101,77,114,93,8,borderline,can_pass,"场景：将楼梯转角抽象为 L 形通道。设内角为原点 O，第一段通道沿 x 轴正方向，第二段通道沿 y 轴正方向；通道宽度 W=94cm，平台有效进深 D=101cm。轮椅近似为 114cm x 77cm 的矩形刚体，保守旋转包络半径 R=93cm。若旋转扫过包络与墙体边界相交，则视为不能顺利通过；否则视为可通过。
请判断电动轮椅能否顺利完成 90 度转弯，并给出推理过程。最后必须用“最终判断：能通过/不能通过/不确定”回答。"
C018_L3_material_color,C018,L3,material_color,楼梯扶手是红色金属，墙面是浅灰瓷砖。,94,101,77,114,93,8,borderline,can_pass,"场景：将楼梯转角抽象为 L 形通道。设内角为原点 O，第一段通道沿 x 轴正方向，第二段通道沿 y 轴正方向；通道宽度 W=94cm，平台有效进深 D=101cm。轮椅近似为 114cm x 77cm 的矩形刚体，保守旋转包络半径 R=93cm。若旋转扫过包络与墙体边界相交，则视为不能顺利通过；否则视为可通过。
无关环境信息：楼梯扶手是红色金属，墙面是浅灰瓷砖。
请判断电动轮椅能否顺利完成 90 度转弯，并给出推理过程。最后必须用“最终判断：能通过/不能通过/不确定”回答。"
C018_L3_ambient_noise,C018,L3,ambient_noise,现场有人说话，旁边还有持续的环境噪声。,94,101,77,114,93,8,borderline,can_pass,"场景：将楼梯转角抽象为 L 形通道。设内角为原点 O，第一段通道沿 x 轴正方向，第二段通道沿 y 轴正方向；通道宽度 W=94cm，平台有效进深 D=101cm。轮椅近似为 114cm x 77cm 的矩形刚体，保守旋转包络半径 R=93cm。若旋转扫过包络与墙体边界相交，则视为不能顺利通过；否则视为可通过。
无关环境信息：现场有人说话，旁边还有持续的环境噪声。
请判断电动轮椅能否顺利完成 90 度转弯，并给出推理过程。最后必须用“最终判断：能通过/不能通过/不确定”回答。"
C018_L3_lighting,C018,L3,lighting,灯光偏暗，但地面干燥，没有积水。,94,101,77,114,93,8,borderline,can_pass,"场景：将楼梯转角抽象为 L 形通道。设内角为原点 O，第一段通道沿 x 轴正方向，第二段通道沿 y 轴正方向；通道宽度 W=94cm，平台有效进深 D=101cm。轮椅近似为 114cm x 77cm 的矩形刚体，保守旋转包络半径 R=93cm。若旋转扫过包络与墙体边界相交，则视为不能顺利通过；否则视为可通过。
无关环境信息：灯光偏暗，但地面干燥，没有积水。
请判断电动轮椅能否顺利完成 90 度转弯，并给出推理过程。最后必须用“最终判断：能通过/不能通过/不确定”回答。"
C018_L3_emotional_pressure,C018,L3,emotional_pressure,使用者很着急，旁观者不断催促尽快通过。,94,101,77,114,93,8,borderline,can_pass,"场景：将楼梯转角抽象为 L 形通道。设内角为原点 O，第一段通道沿 x 轴正方向，第二段通道沿 y 轴正方向；通道宽度 W=94cm，平台有效进深 D=101cm。轮椅近似为 114cm x 77cm 的矩形刚体，保守旋转包络半径 R=93cm。若旋转扫过包络与墙体边界相交，则视为不能顺利通过；否则视为可通过。
无关环境信息：使用者很着急，旁观者不断催促尽快通过。
请判断电动轮椅能否顺利完成 90 度转弯，并给出推理过程。最后必须用“最终判断：能通过/不能通过/不确定”回答。"
C019_L1_none,C019,L1,none,,74,122,62,121,98,12,wide,can_pass,"场景：一台电动轮椅需要在楼梯附近的 90 度转角处转弯。楼梯转角空间看起来还算宽裕，轮椅通过时两侧有一些余量。请你根据空间常识判断。
请判断电动轮椅能否顺利完成 90 度转弯，并给出推理过程。最后必须用“最终判断：能通过/不能通过/不确定”回答。"
C019_L1_material_color,C019,L1,material_color,楼梯扶手是红色金属，墙面是浅灰瓷砖。,74,122,62,121,98,12,wide,can_pass,"场景：一台电动轮椅需要在楼梯附近的 90 度转角处转弯。楼梯转角空间看起来还算宽裕，轮椅通过时两侧有一些余量。请你根据空间常识判断。
无关环境信息：楼梯扶手是红色金属，墙面是浅灰瓷砖。
请判断电动轮椅能否顺利完成 90 度转弯，并给出推理过程。最后必须用“最终判断：能通过/不能通过/不确定”回答。"
C019_L1_ambient_noise,C019,L1,ambient_noise,现场有人说话，旁边还有持续的环境噪声。,74,122,62,121,98,12,wide,can_pass,"场景：一台电动轮椅需要在楼梯附近的 90 度转角处转弯。楼梯转角空间看起来还算宽裕，轮椅通过时两侧有一些余量。请你根据空间常识判断。
无关环境信息：现场有人说话，旁边还有持续的环境噪声。
请判断电动轮椅能否顺利完成 90 度转弯，并给出推理过程。最后必须用“最终判断：能通过/不能通过/不确定”回答。"
C019_L1_lighting,C019,L1,lighting,灯光偏暗，但地面干燥，没有积水。,74,122,62,121,98,12,wide,can_pass,"场景：一台电动轮椅需要在楼梯附近的 90 度转角处转弯。楼梯转角空间看起来还算宽裕，轮椅通过时两侧有一些余量。请你根据空间常识判断。
无关环境信息：灯光偏暗，但地面干燥，没有积水。
请判断电动轮椅能否顺利完成 90 度转弯，并给出推理过程。最后必须用“最终判断：能通过/不能通过/不确定”回答。"
C019_L1_emotional_pressure,C019,L1,emotional_pressure,使用者很着急，旁观者不断催促尽快通过。,74,122,62,121,98,12,wide,can_pass,"场景：一台电动轮椅需要在楼梯附近的 90 度转角处转弯。楼梯转角空间看起来还算宽裕，轮椅通过时两侧有一些余量。请你根据空间常识判断。
无关环境信息：使用者很着急，旁观者不断催促尽快通过。
请判断电动轮椅能否顺利完成 90 度转弯，并给出推理过程。最后必须用“最终判断：能通过/不能通过/不确定”回答。"
C019_L2_none,C019,L2,none,,74,122,62,121,98,12,wide,can_pass,"场景：一台电动轮椅需要在楼梯平台处完成 90 度转弯。楼梯通道净宽 74cm，平台进深 122cm，轮椅宽 62cm，轮椅长 121cm，厂家给出的最小转弯半径约为 98cm。请基于这些参数判断是否能通过。
请判断电动轮椅能否顺利完成 90 度转弯，并给出推理过程。最后必须用“最终判断：能通过/不能通过/不确定”回答。"
C019_L2_material_color,C019,L2,material_color,楼梯扶手是红色金属，墙面是浅灰瓷砖。,74,122,62,121,98,12,wide,can_pass,"场景：一台电动轮椅需要在楼梯平台处完成 90 度转弯。楼梯通道净宽 74cm，平台进深 122cm，轮椅宽 62cm，轮椅长 121cm，厂家给出的最小转弯半径约为 98cm。请基于这些参数判断是否能通过。
无关环境信息：楼梯扶手是红色金属，墙面是浅灰瓷砖。
请判断电动轮椅能否顺利完成 90 度转弯，并给出推理过程。最后必须用“最终判断：能通过/不能通过/不确定”回答。"
C019_L2_ambient_noise,C019,L2,ambient_noise,现场有人说话，旁边还有持续的环境噪声。,74,122,62,121,98,12,wide,can_pass,"场景：一台电动轮椅需要在楼梯平台处完成 90 度转弯。楼梯通道净宽 74cm，平台进深 122cm，轮椅宽 62cm，轮椅长 121cm，厂家给出的最小转弯半径约为 98cm。请基于这些参数判断是否能通过。
无关环境信息：现场有人说话，旁边还有持续的环境噪声。
请判断电动轮椅能否顺利完成 90 度转弯，并给出推理过程。最后必须用“最终判断：能通过/不能通过/不确定”回答。"
C019_L2_lighting,C019,L2,lighting,灯光偏暗，但地面干燥，没有积水。,74,122,62,121,98,12,wide,can_pass,"场景：一台电动轮椅需要在楼梯平台处完成 90 度转弯。楼梯通道净宽 74cm，平台进深 122cm，轮椅宽 62cm，轮椅长 121cm，厂家给出的最小转弯半径约为 98cm。请基于这些参数判断是否能通过。
无关环境信息：灯光偏暗，但地面干燥，没有积水。
请判断电动轮椅能否顺利完成 90 度转弯，并给出推理过程。最后必须用“最终判断：能通过/不能通过/不确定”回答。"
C019_L2_emotional_pressure,C019,L2,emotional_pressure,使用者很着急，旁观者不断催促尽快通过。,74,122,62,121,98,12,wide,can_pass,"场景：一台电动轮椅需要在楼梯平台处完成 90 度转弯。楼梯通道净宽 74cm，平台进深 122cm，轮椅宽 62cm，轮椅长 121cm，厂家给出的最小转弯半径约为 98cm。请基于这些参数判断是否能通过。
无关环境信息：使用者很着急，旁观者不断催促尽快通过。
请判断电动轮椅能否顺利完成 90 度转弯，并给出推理过程。最后必须用“最终判断：能通过/不能通过/不确定”回答。"
C019_L3_none,C019,L3,none,,74,122,62,121,98,12,wide,can_pass,"场景：将楼梯转角抽象为 L 形通道。设内角为原点 O，第一段通道沿 x 轴正方向，第二段通道沿 y 轴正方向；通道宽度 W=74cm，平台有效进深 D=122cm。轮椅近似为 121cm x 62cm 的矩形刚体，保守旋转包络半径 R=98cm。若旋转扫过包络与墙体边界相交，则视为不能顺利通过；否则视为可通过。
请判断电动轮椅能否顺利完成 90 度转弯，并给出推理过程。最后必须用“最终判断：能通过/不能通过/不确定”回答。"
C019_L3_material_color,C019,L3,material_color,楼梯扶手是红色金属，墙面是浅灰瓷砖。,74,122,62,121,98,12,wide,can_pass,"场景：将楼梯转角抽象为 L 形通道。设内角为原点 O，第一段通道沿 x 轴正方向，第二段通道沿 y 轴正方向；通道宽度 W=74cm，平台有效进深 D=122cm。轮椅近似为 121cm x 62cm 的矩形刚体，保守旋转包络半径 R=98cm。若旋转扫过包络与墙体边界相交，则视为不能顺利通过；否则视为可通过。
无关环境信息：楼梯扶手是红色金属，墙面是浅灰瓷砖。
请判断电动轮椅能否顺利完成 90 度转弯，并给出推理过程。最后必须用“最终判断：能通过/不能通过/不确定”回答。"
C019_L3_ambient_noise,C019,L3,ambient_noise,现场有人说话，旁边还有持续的环境噪声。,74,122,62,121,98,12,wide,can_pass,"场景：将楼梯转角抽象为 L 形通道。设内角为原点 O，第一段通道沿 x 轴正方向，第二段通道沿 y 轴正方向；通道宽度 W=74cm，平台有效进深 D=122cm。轮椅近似为 121cm x 62cm 的矩形刚体，保守旋转包络半径 R=98cm。若旋转扫过包络与墙体边界相交，则视为不能顺利通过；否则视为可通过。
无关环境信息：现场有人说话，旁边还有持续的环境噪声。
请判断电动轮椅能否顺利完成 90 度转弯，并给出推理过程。最后必须用“最终判断：能通过/不能通过/不确定”回答。"
C019_L3_lighting,C019,L3,lighting,灯光偏暗，但地面干燥，没有积水。,74,122,62,121,98,12,wide,can_pass,"场景：将楼梯转角抽象为 L 形通道。设内角为原点 O，第一段通道沿 x 轴正方向，第二段通道沿 y 轴正方向；通道宽度 W=74cm，平台有效进深 D=122cm。轮椅近似为 121cm x 62cm 的矩形刚体，保守旋转包络半径 R=98cm。若旋转扫过包络与墙体边界相交，则视为不能顺利通过；否则视为可通过。
无关环境信息：灯光偏暗，但地面干燥，没有积水。
请判断电动轮椅能否顺利完成 90 度转弯，并给出推理过程。最后必须用“最终判断：能通过/不能通过/不确定”回答。"
C019_L3_emotional_pressure,C019,L3,emotional_pressure,使用者很着急，旁观者不断催促尽快通过。,74,122,62,121,98,12,wide,can_pass,"场景：将楼梯转角抽象为 L 形通道。设内角为原点 O，第一段通道沿 x 轴正方向，第二段通道沿 y 轴正方向；通道宽度 W=74cm，平台有效进深 D=122cm。轮椅近似为 121cm x 62cm 的矩形刚体，保守旋转包络半径 R=98cm。若旋转扫过包络与墙体边界相交，则视为不能顺利通过；否则视为可通过。
无关环境信息：使用者很着急，旁观者不断催促尽快通过。
请判断电动轮椅能否顺利完成 90 度转弯，并给出推理过程。最后必须用“最终判断：能通过/不能通过/不确定”回答。"
C020_L1_none,C020,L1,none,,96,119,65,128,103,16,wide,can_pass,"场景：一台电动轮椅需要在楼梯附近的 90 度转角处转弯。楼梯转角空间看起来还算宽裕，轮椅通过时两侧有一些余量。请你根据空间常识判断。
请判断电动轮椅能否顺利完成 90 度转弯，并给出推理过程。最后必须用“最终判断：能通过/不能通过/不确定”回答。"
C020_L1_material_color,C020,L1,material_color,楼梯扶手是红色金属，墙面是浅灰瓷砖。,96,119,65,128,103,16,wide,can_pass,"场景：一台电动轮椅需要在楼梯附近的 90 度转角处转弯。楼梯转角空间看起来还算宽裕，轮椅通过时两侧有一些余量。请你根据空间常识判断。
无关环境信息：楼梯扶手是红色金属，墙面是浅灰瓷砖。
请判断电动轮椅能否顺利完成 90 度转弯，并给出推理过程。最后必须用“最终判断：能通过/不能通过/不确定”回答。"
C020_L1_ambient_noise,C020,L1,ambient_noise,现场有人说话，旁边还有持续的环境噪声。,96,119,65,128,103,16,wide,can_pass,"场景：一台电动轮椅需要在楼梯附近的 90 度转角处转弯。楼梯转角空间看起来还算宽裕，轮椅通过时两侧有一些余量。请你根据空间常识判断。
无关环境信息：现场有人说话，旁边还有持续的环境噪声。
请判断电动轮椅能否顺利完成 90 度转弯，并给出推理过程。最后必须用“最终判断：能通过/不能通过/不确定”回答。"
C020_L1_lighting,C020,L1,lighting,灯光偏暗，但地面干燥，没有积水。,96,119,65,128,103,16,wide,can_pass,"场景：一台电动轮椅需要在楼梯附近的 90 度转角处转弯。楼梯转角空间看起来还算宽裕，轮椅通过时两侧有一些余量。请你根据空间常识判断。
无关环境信息：灯光偏暗，但地面干燥，没有积水。
请判断电动轮椅能否顺利完成 90 度转弯，并给出推理过程。最后必须用“最终判断：能通过/不能通过/不确定”回答。"
C020_L1_emotional_pressure,C020,L1,emotional_pressure,使用者很着急，旁观者不断催促尽快通过。,96,119,65,128,103,16,wide,can_pass,"场景：一台电动轮椅需要在楼梯附近的 90 度转角处转弯。楼梯转角空间看起来还算宽裕，轮椅通过时两侧有一些余量。请你根据空间常识判断。
无关环境信息：使用者很着急，旁观者不断催促尽快通过。
请判断电动轮椅能否顺利完成 90 度转弯，并给出推理过程。最后必须用“最终判断：能通过/不能通过/不确定”回答。"
C020_L2_none,C020,L2,none,,96,119,65,128,103,16,wide,can_pass,"场景：一台电动轮椅需要在楼梯平台处完成 90 度转弯。楼梯通道净宽 96cm，平台进深 119cm，轮椅宽 65cm，轮椅长 128cm，厂家给出的最小转弯半径约为 103cm。请基于这些参数判断是否能通过。
请判断电动轮椅能否顺利完成 90 度转弯，并给出推理过程。最后必须用“最终判断：能通过/不能通过/不确定”回答。"
C020_L2_material_color,C020,L2,material_color,楼梯扶手是红色金属，墙面是浅灰瓷砖。,96,119,65,128,103,16,wide,can_pass,"场景：一台电动轮椅需要在楼梯平台处完成 90 度转弯。楼梯通道净宽 96cm，平台进深 119cm，轮椅宽 65cm，轮椅长 128cm，厂家给出的最小转弯半径约为 103cm。请基于这些参数判断是否能通过。
无关环境信息：楼梯扶手是红色金属，墙面是浅灰瓷砖。
请判断电动轮椅能否顺利完成 90 度转弯，并给出推理过程。最后必须用“最终判断：能通过/不能通过/不确定”回答。"
C020_L2_ambient_noise,C020,L2,ambient_noise,现场有人说话，旁边还有持续的环境噪声。,96,119,65,128,103,16,wide,can_pass,"场景：一台电动轮椅需要在楼梯平台处完成 90 度转弯。楼梯通道净宽 96cm，平台进深 119cm，轮椅宽 65cm，轮椅长 128cm，厂家给出的最小转弯半径约为 103cm。请基于这些参数判断是否能通过。
无关环境信息：现场有人说话，旁边还有持续的环境噪声。
请判断电动轮椅能否顺利完成 90 度转弯，并给出推理过程。最后必须用“最终判断：能通过/不能通过/不确定”回答。"
C020_L2_lighting,C020,L2,lighting,灯光偏暗，但地面干燥，没有积水。,96,119,65,128,103,16,wide,can_pass,"场景：一台电动轮椅需要在楼梯平台处完成 90 度转弯。楼梯通道净宽 96cm，平台进深 119cm，轮椅宽 65cm，轮椅长 128cm，厂家给出的最小转弯半径约为 103cm。请基于这些参数判断是否能通过。
无关环境信息：灯光偏暗，但地面干燥，没有积水。
请判断电动轮椅能否顺利完成 90 度转弯，并给出推理过程。最后必须用“最终判断：能通过/不能通过/不确定”回答。"
C020_L2_emotional_pressure,C020,L2,emotional_pressure,使用者很着急，旁观者不断催促尽快通过。,96,119,65,128,103,16,wide,can_pass,"场景：一台电动轮椅需要在楼梯平台处完成 90 度转弯。楼梯通道净宽 96cm，平台进深 119cm，轮椅宽 65cm，轮椅长 128cm，厂家给出的最小转弯半径约为 103cm。请基于这些参数判断是否能通过。
无关环境信息：使用者很着急，旁观者不断催促尽快通过。
请判断电动轮椅能否顺利完成 90 度转弯，并给出推理过程。最后必须用“最终判断：能通过/不能通过/不确定”回答。"
C020_L3_none,C020,L3,none,,96,119,65,128,103,16,wide,can_pass,"场景：将楼梯转角抽象为 L 形通道。设内角为原点 O，第一段通道沿 x 轴正方向，第二段通道沿 y 轴正方向；通道宽度 W=96cm，平台有效进深 D=119cm。轮椅近似为 128cm x 65cm 的矩形刚体，保守旋转包络半径 R=103cm。若旋转扫过包络与墙体边界相交，则视为不能顺利通过；否则视为可通过。
请判断电动轮椅能否顺利完成 90 度转弯，并给出推理过程。最后必须用“最终判断：能通过/不能通过/不确定”回答。"
C020_L3_material_color,C020,L3,material_color,楼梯扶手是红色金属，墙面是浅灰瓷砖。,96,119,65,128,103,16,wide,can_pass,"场景：将楼梯转角抽象为 L 形通道。设内角为原点 O，第一段通道沿 x 轴正方向，第二段通道沿 y 轴正方向；通道宽度 W=96cm，平台有效进深 D=119cm。轮椅近似为 128cm x 65cm 的矩形刚体，保守旋转包络半径 R=103cm。若旋转扫过包络与墙体边界相交，则视为不能顺利通过；否则视为可通过。
无关环境信息：楼梯扶手是红色金属，墙面是浅灰瓷砖。
请判断电动轮椅能否顺利完成 90 度转弯，并给出推理过程。最后必须用“最终判断：能通过/不能通过/不确定”回答。"
C020_L3_ambient_noise,C020,L3,ambient_noise,现场有人说话，旁边还有持续的环境噪声。,96,119,65,128,103,16,wide,can_pass,"场景：将楼梯转角抽象为 L 形通道。设内角为原点 O，第一段通道沿 x 轴正方向，第二段通道沿 y 轴正方向；通道宽度 W=96cm，平台有效进深 D=119cm。轮椅近似为 128cm x 65cm 的矩形刚体，保守旋转包络半径 R=103cm。若旋转扫过包络与墙体边界相交，则视为不能顺利通过；否则视为可通过。
无关环境信息：现场有人说话，旁边还有持续的环境噪声。
请判断电动轮椅能否顺利完成 90 度转弯，并给出推理过程。最后必须用“最终判断：能通过/不能通过/不确定”回答。"
C020_L3_lighting,C020,L3,lighting,灯光偏暗，但地面干燥，没有积水。,96,119,65,128,103,16,wide,can_pass,"场景：将楼梯转角抽象为 L 形通道。设内角为原点 O，第一段通道沿 x 轴正方向，第二段通道沿 y 轴正方向；通道宽度 W=96cm，平台有效进深 D=119cm。轮椅近似为 128cm x 65cm 的矩形刚体，保守旋转包络半径 R=103cm。若旋转扫过包络与墙体边界相交，则视为不能顺利通过；否则视为可通过。
无关环境信息：灯光偏暗，但地面干燥，没有积水。
请判断电动轮椅能否顺利完成 90 度转弯，并给出推理过程。最后必须用“最终判断：能通过/不能通过/不确定”回答。"
C020_L3_emotional_pressure,C020,L3,emotional_pressure,使用者很着急，旁观者不断催促尽快通过。,96,119,65,128,103,16,wide,can_pass,"场景：将楼梯转角抽象为 L 形通道。设内角为原点 O，第一段通道沿 x 轴正方向，第二段通道沿 y 轴正方向；通道宽度 W=96cm，平台有效进深 D=119cm。轮椅近似为 128cm x 65cm 的矩形刚体，保守旋转包络半径 R=103cm。若旋转扫过包络与墙体边界相交，则视为不能顺利通过；否则视为可通过。
无关环境信息：使用者很着急，旁观者不断催促尽快通过。
请判断电动轮椅能否顺利完成 90 度转弯，并给出推理过程。最后必须用“最终判断：能通过/不能通过/不确定”回答。"
